-- phpMyAdmin SQL Dump
-- version 5.1.1
-- https://www.phpmyadmin.net/
--
-- Host: 127.0.0.1
-- Generation Time: May 17, 2022 at 02:57 AM
-- Server version: 10.4.22-MariaDB
-- PHP Version: 8.1.2

SET SQL_MODE = "NO_AUTO_VALUE_ON_ZERO";
START TRANSACTION;
SET time_zone = "+00:00";


/*!40101 SET @OLD_CHARACTER_SET_CLIENT=@@CHARACTER_SET_CLIENT */;
/*!40101 SET @OLD_CHARACTER_SET_RESULTS=@@CHARACTER_SET_RESULTS */;
/*!40101 SET @OLD_COLLATION_CONNECTION=@@COLLATION_CONNECTION */;
/*!40101 SET NAMES utf8mb4 */;

--
-- Database: `bowo`
--

-- --------------------------------------------------------

--
-- Table structure for table `admin`
--

CREATE TABLE `admin` (
  `adID` int(11) NOT NULL,
  `adName` varchar(40) NOT NULL,
  `adUser` varchar(30) NOT NULL,
  `adPass` varchar(30) NOT NULL,
  `avatar` varchar(100) NOT NULL
) ENGINE=InnoDB DEFAULT CHARSET=utf8;

--
-- Dumping data for table `admin`
--

INSERT INTO `admin` (`adID`, `adName`, `adUser`, `adPass`, `avatar`) VALUES
(1, 'Nguyễn Khánh Văn', 'admin', 'admin', 'admin1.png'),
(2, 'Khánh Văn Nguyễn', 'admin1', 'admin', 'admin2.jpg');

-- --------------------------------------------------------

--
-- Table structure for table `chitietdh`
--

CREATE TABLE `chitietdh` (
  `maDH` int(11) DEFAULT NULL,
  `maSach` int(11) DEFAULT NULL,
  `solg` int(11) NOT NULL,
  `tenSach` varchar(100) NOT NULL
) ENGINE=InnoDB DEFAULT CHARSET=utf8;

--
-- Dumping data for table `chitietdh`
--

INSERT INTO `chitietdh` (`maDH`, `maSach`, `solg`, `tenSach`) VALUES
(1, 8, 1, 'Mắt Biếc'),
(1, 9, 3, 'Tôi Thấy Hoa Vàng Trên Cỏ Xanh'),
(1, 36, 2, 'Sống Chậm Lại Nghĩ Khác Đi Yêu Thương Nhiều Hơn'),
(2, 26, 2, 'Bí Mật Của Phan Thiên Ân'),
(2, 17, 3, 'Doraemon: Nobita Và Vương Quốc Trên Mây'),
(3, 7, 1, 'Trước Vòng Chung Kết'),
(4, 32, 1, 'Keanu Reeves - Ma Trận Cuộc Đời'),
(4, 33, 1, 'Dòng Chảy'),
(5, 17, 1, 'Doraemon: Nobita Và Vương Quốc Trên Mây'),
(6, 9, 1, 'Tôi Thấy Hoa Vàng Trên Cỏ Xanh');

-- --------------------------------------------------------

--
-- Table structure for table `chitietsp`
--

CREATE TABLE `chitietsp` (
  `maSach` int(11) NOT NULL,
  `namXB` varchar(5) NOT NULL,
  `ngonNgu` varchar(20) NOT NULL,
  `trongLuong` int(11) NOT NULL,
  `kichThuoc` varchar(20) NOT NULL,
  `soTrang` int(11) NOT NULL,
  `hinhThuc` varchar(20) NOT NULL,
  `baiViet` varchar(5000) NOT NULL
) ENGINE=InnoDB DEFAULT CHARSET=utf8;

--
-- Dumping data for table `chitietsp`
--

INSERT INTO `chitietsp` (`maSach`, `namXB`, `ngonNgu`, `trongLuong`, `kichThuoc`, `soTrang`, `hinhThuc`, `baiViet`) VALUES
(6, '2019', 'Tiếng Việt', 200, '12.0 x 20.0 x 0.9 cm', 174, 'Bìa mềm', 'Chùm bong bóng bay lên mang theo những ước nguyện về cuộc sống tươi đẹp hơn. Mở đầu là cái chết của một bác thợ hồ dũng cảm can ngăn bọn cướp. Bác bị trúng đạn. Thường là con trai của bác ấy, tin dữ đến bất ngờ khiến cho gia đình cậu lao đao. Mẹ cậu là giáo viên sau sự ra đi của người đàn ông trụ cột gia đình, một mình bà gánh vác gia đình. Thường học lớp 11, em gái tên Nhi học lớp 6. Hai anh em Thường rất thương mẹ. Người mẹ ấy vì lo cuộc sống cơm áo gạo tiền liền đi dạy thêm buổi chiều và buổi tối, bận rộn gầy hao. Tối về bà ấy lại chấm bài cho học sinh đến đêm muộn rồi sáng dậy lại tiếp tục đi làm. Từng đọc \'\' Tâm hồn cao thượng\'\' Thường bắt chiếc cậu bé nhân vật chính trong đó, đợi lúc mẹ đi ngủ cậu rón rén giúp mẹ chấm điểm những bài chưa xong. Bà mẹ ấy không phát hiện ra. Rồi đến một ngày , bà mẹ ấy muốn từ bỏ nghề vì xảy ra những lỗi ngớ ngẩn trong việc chấm bài cho học sinh. Thường nói hết sự thật và nhận lỗi. Sau đó cậu không tiếp tục giúp mẹ được nữa. Cậu đi tìm việc làm và bén duyên với nghề bán kẹo kéo. Bán ở cổng trường cấp 1. Cậu quen Tài Khôn, cô bé bán bóng bay. Bóng bay được thổi sẵn thành những chùm rực rỡ. Cậu có quãng thời gian khó quên cùng cô bé ấy. Họ chia sẻ với nhau những ước mơ. Cô bé bán bóng bay dù vất vả nhưng nụ cười vẫn luôn thường trực trên môi, có thể vừa khóc xong lại cười. Vì chặn đường một tên cướp , Thường bị thương phải vào viện, cậu đã mơ một giấc mơ với những quả bóng bay nhiều sắc màu bay lơ lửng trên không trung, cậu tỉnh dậy gặp lại những người mà mình yêu quý, trân trọng từng giây từng phút của cuộc sống này.'),
(8, '2019', 'Tiếng Việt', 350, '13.0 x 20.0 x 1.5 cm', 300, 'Bìa mềm', 'Mắt biếc là một tác phẩm được nhiều người bình chọn là hay nhất của nhà văn Nguyễn Nhật Ánh. Tác phẩm này cũng đã được dịch giả Kato Sakae dịch sang tiếng Nhật để giới thiệu với độc giả Nhật Bản.<br>“Tôi gửi tình yêu cho mùa hè, nhưng mùa hè không giữ nổi. Mùa hè chỉ biết ra hoa, phượng đỏ sân trường và tiếng ve nỉ non trong lá. Mùa hè ngây ngô, giống như tôi vậy. Nó chẳng làm được những điều tôi ký thác. Nó để Hà Lan đốt tôi, đốt rụi. Trái tim tôi cháy thành tro, rơi vãi trên đường về.”<br>… Bởi sự trong sáng của một tình cảm, bởi cái kết thúc buồn, rất buồn khi xuyên suốt câu chuyện vẫn là những điều vui, buồn lẫn lộn… '),
(9, '2018', 'Tiếng Việt', 400, '13.0 x 20.0 cm ', 378, 'Bìa mềm', 'Những câu chuyện nhỏ xảy ra ở một ngôi làng nhỏ: chuyện người, chuyện cóc, chuyện ma, chuyện công chúa và hoàng tử , rồi chuyện đói ăn, cháy nhà, lụt lội,... Bối cảnh là trường học, nhà trong xóm, bãi tha ma. Dẫn chuyện là cậu bé 15 tuổi tên Thiều. Thiều có chú ruột là chú Đàn, có bạn thân là cô bé Mận. Nhưng nhân vật đáng yêu nhất lại là Tường, em trai Thiều, một cậu bé học không giỏi. Thiều, Tường và những đứa trẻ sống trong cùng một làng, học cùng một trường, có biết bao chuyện chung. Chúng nô đùa, cãi cọ rồi yêu thương nhau, cùng lớn lên theo năm tháng, trải qua bao sự kiện biến cố của cuộc đời.<br>Tác giả vẫn giữ cách kể chuyện bằng chính giọng trong sáng hồn nhiên của trẻ con. 81 chương ngắn là 81 câu chuyện hấp dẫn với nhiều chi tiết thú vị, cảm động, có những tình tiết bất ngờ, từ đó lộ rõ tính cách người. Cuốn sách, vì thế, có sức ám ảnh.'),
(1, '2019', 'Tiếng Việt', 180, '12 x 20 cm', 160, 'Bìa mềm', 'Một sự bất ngờ, Gia được cử về làm giáo viên chủ nhiệm lớp Xuyến, Thục, Cúc Hương. Ba cô hoảng hồn vì thời gian qua đã “hành hạ” Gia bằng đủ trò nghịch ngợm của mình. Hùng quăn không dám đến lớp vì đã có lần đón đường ném đá Gia gây thương tích. Không chịu nổi người dượng ghẻ. Hùng bỏ nhà ra đi. Với tấm lòng cao thượng. Gia đón Hùng về nhà ở chung với mình. Cuối cùng ba cô bạn cũng tìm ra chỗ ở của Gia. Họ sôi nổi bàn chuyện đi cắm trại và xem phim cho cả lớp.'),
(2, '2014', 'Tiếng Việt', 250, '12 x 20 cm', 228, 'Bìa mềm', 'Truyện lấy khung cảnh phòng thu máy vi tính của một công ty trách nhiệm hữu hạn, nơi bộ ba nữ sinh vui nhộn và nghịch ngợm Xuyến, Thục, Cúc Hương bạo gan xin đến làm nhân viên vi tính( tạm thời trong thời gian hè) trong khi chưa biết tí gì về tin học. Truyện mô tả mối tình mộng mơ của tuổi mới lớn. Tất nhiên, nhưng mối tình đơn phương vẩn vơ sẽ vỡ tan vì không có cơ sở thực tế.'),
(3, '2018', 'Tiếng Việt', 200, '12 x 20 cm', 182, 'Bìa mềm', 'Không biết các bạn như thế nào, chứ tôi thì tôi chưa từng lo cho ai bao giờ. Tôi lo cho chính tôi còn chưa xong nữa là. (mới mở đầu truyện thì nhân vật chính đã tâm sự như vậy rồi, nghe thấy RẮC RỐI). Thực sự thì làm sao, vẫn là giọng văn “đọc tức cười”, cách thắt nút, mở nút đầy bất ngờ của tác giả dẫn ta đi hết rắc rối này đến rắc rối khác. Đọc rắc rối nhưng mà thấy thú vị.'),
(4, '2022', 'Tiếng Việt', 240, '20 x 13 cm', 252, 'Bìa mềm', 'Mở cuốn sách mới của tác giả Nguyễn Nhật Ánh, bạn sẽ gặp những cái tên quen thuộc của những người nổi tiếng ngay trang 5 trang trọng đề tặng “các bạn văn hữu”: nhà thơ Bùi Chí Vinh, Phạm Sỹ Sáu, Lê Minh Quốc, nhà văn Nguyễn Đông Thức, nhà phê bình Huỳnh Như Phương, nhà báo Nguyễn Công Khế, Kim Hạnh, … Tuổi niên thiếu của “những thằng quỷ nhỏ” trong truyện có gắn gì với họ không, có phải là họ không, chỉ họ và tác giả mới biết, nhưng bạn đọc thì có thể tưởng tượng ra một nhóm “thằng” thân thiết, bắt đầu lớn, biết thinh thích con gái và ngập mộng văn chương.\r\nChuyện của bút nhóm học trò, truyện nằm trong truyện, những cơn giận dỗi ghen tuông bạn gái bạn trai với nhau, nhiều nhất vẫn là chuyện nhà trường có các cô giáo hơn trò vài tuổi coi trò như bạn, có thầy hiệu trưởng tâm lý và yêu thương học trò coi trò như con…Trở lại với đề tài học trò, hóm hỉnh và gần gũi như chính các em, Nguyễn Nhật Ánh chắc chắn sẽ được các bạn trẻ vui mừng đón nhận. Cứ lật đằng cuối sách, đọc bài thơ tình trong veo là có thể thấy điều đó “…Khi mùa xuân đến / Tình anh lại đầy / Lá nằm trong lá / Tay nằm trong tay”“Viết cho trẻ con giờ khó hơn xưa. Có hàng bao nhiêu là món giải trí rầm rộ, hoành tráng và lộng lẫy dọn sẵn, muốn thu phục “lũ tiểu yêu” thế kỷ 21 này, nhà văn không chỉ thông thuộc mặt bằng hiểu biết của chúng, mà còn phải tâm tình được với chúng bằng tốc độ của chúng. Có thể nói Nguyễn Nhật Ánh là một người lớn chấp nhận tham dự món du hành tốc độ cao cùng lũ trẻ. Thời thong thả đạp xe, từ tốn khuyên bảo đã qua rồi. Thực ra Nguyễn Nhật Ánh đã biết đi tàu tốc hành từ hai thập niên trước, khi nhữngKính vạn hoa, Thằng quỷ nhỏ, Bàn có năm chỗ ngồi… đem lại cho văn học thiếu nhi một diện mạo mới mẻ, những câu chuyện tưởng như ấm ớ ngày này qua tháng khác nhưng sao hôm nay nhìn lại, những người đã từng là trẻ con thấy nhớ quá..'),
(5, '2018', 'Tiếng Việt', 200, '12 x 20 cm', 184, 'Bìa mềm', 'Kể về mối tình đầu trong sáng của một cậu học trò dành cho một cô gái quê 16 tuổi trong dịp về quê nghỉ hè, và những việc làm cao đẹp của cậu cho em bé quê chân chất chịu nhiều thiệt thòi ở nông thôn. Chuyện nhiều hình ảnh, dễ thương và trong sáng… vẫn không thiếu những “pha” thú vị cho ta những tiếng cười sảng khoái.'),
(7, '2019', 'Tiếng Việt', 260, '12 x 20 cm', 252, 'Bìa mềm', 'Tràn ngập không khí bóng đá, không khí vỉa hè… đậm mùi hào hiệp, thượng võ. Lẽ dĩ nhiên như cuộc đời, có đâu đó những mưu toan nhỏ nhen, những trò chơi bẩn… không đáng mặt anh hào. Nhưng…. (chữ nhưng dành cho sự khám phá của các bạn)'),
(10, '2022', 'Tiếng Việt', 350, '20.5 x 14 x 0.6', 344, 'Bìa mềm', 'Đọc Kính Vạn Hoa, tôi cảm ơn Nguyễn Nhật Ánh đã dày công phản ánh những sinh hoạt muôn mặt của lứa tuổi học trò. Từ cách học với các thủ thuật “phổ thơ” để ghi nhớ thuộc lòng các công thức Toán, Lý, Hóa, Anh văn... đến lối làm thơ, kể vè, dựng hoạt cảnh để học tập các môn Văn, Sử. Từ trò chơi bóng đá, thi giải câu đố... ở sân trường đến những chuyến đi nghỉ hè khám phá các vùng xa. Từ việc tìm hiểu (và yêu mến) những người thân trong gia đình, thầy cô giáo, đến việc làm quen với những bà con lao động đủ các nghề nghiệp: bán hàng rong, hốt rác, diễn thế thân (cascadeur), đạo diễn điện ảnh, nghệ sĩ ngôi sao, cầu thủ siêu hạng... '),
(11, '2022', '350', 350, '20.5 x 14 x 1.5 cm', 336, 'Bìa mềm', 'Tôi nghĩ rằng giáo dục có nhiều dạng. Bây giờ giáo dục các em mà áp đặt một cách cứng nhắc, khiên cưỡng thì có khi lại không vào các em được. Phải giáo dục thế nào đó làm cho các em yêu cuộc sống, yêu bạn bè, thương yêu gia đình nhưng lại rất giản dị, tức là người được giáo dục không có cảm giác mình bị giáo dục. Đấy mới là giáo dục đúng nhất và siêu nhất, và chỉ có cách ấy thì mới đến được với các em. Nguyễn Nhật Ánh đã chọn con đường này và tôi có thể nói rằng anh rất thành công. Các em rất yêu thích tác phẩm Kính Vạn Hoa, tôi nghĩ rằng tác phẩm không có giá trị thì không thể nào tác động vào các em được.'),
(12, '2022', 'Tiếng Việt', 200, '17.6 x 11.3', 184, 'Bìa mềm', 'Chuyện gì đã xảy ra trên cầu Vauxhall ở London…? Bí ẩn bao trùm hai mẹ con Mary và Masumi Sera sẽ được làm sáng tỏ trong chương phá giải vụ án đầu độc tại bữa tiệc của người mẫu!\r\nTìm đến nơi Kazami đang lâm nạn, Toru Amuro tình cờ gặp Conan và nhóm thám tử nhí rồi bước vào vụ án giam cầm ở trang trại chăn nuôi! Tại đây, anh cũng chạm trán Rumi Wakasa - người đã dẫn bọn trẻ tới…!?\r\nGosho AOYAMA: “Chào các bạn, tôi là Aoyama! Chuyện này xảy ra cũng khá lâu rồi… Lần đó, tôi cùng các biên tập viên đến thăm nhà họa sĩ Tetsuya Chiba! Tôi rất muốn được tận mắt nhìn ngắm căn phòng làm việc huyền thoại trên gác mái!! Đó là căn phòng có cấu trúc nhỏ gọn và hiệu quả, cứ ngồi yên trên ghế cũng có thể dễ dàng với tay tới bất cứ thứ gì, không chỉ đồ nghề vẽ manga mà cả tài liệu, thuốc men nữa. Tôi ra về mà trong lòng không khỏi ghen tị với họa sĩ, nhưng nghĩ lại thì quanh ghế ngồi của tôi ở phòng làm việc cũng đâu khác gì. Cảm giác thân thuộc ấy khiến tôi cứ tủm tỉm cười (Ha ha).”\r\nMiêu Miêu: Thiếu nữ nhỏ bé nhưng có thể đưa ra lời giải cho những bí ẩn kì quái bằng vốn kiến thức uyên bác của mình… Lần này, tôi muốn giới thiệu với các bạn một nhân vật khiến người ta không thể “trông mặt mà bắt hình dong” như thế - nữ thám tử tài ba Miêu Miêu! Với vẻ ngoài gầy gò và nhỏ nhắn, Miêu Miêu trông trẻ con hơn nhiều so với độ tuổi 17. Cô có những hiểu biết đáng kinh ngạc về Dược học nhờ tiếp thu từ nghĩa phụ là lang y, và nhờ lòng ham mê tìm hiểu đến độ dùng chính cơ thể mình để thực nghiệm chất độc. Bị đưa vào hậu cung, nơi các phi tần của Hoàng đế sinh sống, cô đã định sống cuộc đời thầm lặng của một nô tì song vẫn không thể kìm nén được lòng hiếu kì vốn có. Từ một chuyện tình cờ, cô trở thành người nếm thức ăn thử độc cho sủng phi của Hoàng đế, rồi cùng Nhâm Thị - viên thái giám có dung mạo đẹp đẽ và thân phận bí ẩn - bước vào những vụ án hóc búa liên tục xảy ra nơi hậu cung… À, nghe nói bản tankobon tiểu thuyết của tác giả Natsu Hyuga đã được giới thiệu trên tạp chí chuyên môn của một hội học thuật về Dược học. Hi vọng Conan cũng sẽ xuất hiện trên tạp chí chuyên môn của một hội học thuật nào đó về Thám tử học… Mà có hội nào như thế không ta… '),
(13, '2020', 'Tiếng Việt', 200, '17.6 x 11.3', 184, 'Bìa mềm', 'Conan, Mori Kogoro, Amuro Toru, và Wakita Kanenori.\r\nBộ tứ kì lạ ấy cùng nhau đi tới một nhà thờ bỏ hoang ẩn mình trong núi sâu ở Nagano.\r\nPhải chăng chờ đợi họ ở đó là những án mạng và những mật mã bí ẩn!?\r\nGiữa lúc ấy, Conan cố gắng tìm kiếm gợi ý quan trọng liên quan tới chân tướng của “RUM” từ Amuro…!'),
(14, '2019', 'Tiếng Việt', 80, '18 x 23 cm', 32, 'Bìa mềm', 'Doraemon là bộ truyện tranh Nhật Bản được họa sĩ Fujiko F Fujio sáng tác từ năm 1969. Sau đó, tác phẩm được chuyển thể thành các tập phim hoạt hình ngắn, dài cùng các thể loại khác như kịch, trò chơi điện tử và sách tranh. Bộ truyện kể về một chú mèo máy tên là Doraemon đến từ thế kỉ 22 để giúp một cậu bé hậu đậu tên là Nobita.\r\n\r\nDoraemon  giành được nhiều giải thưởng truyện tranh Nhật Bản và được tạp chí TIME Asia bình chọn là một trong 22 nhân vật nổi bật của châu Á. Từ khi ra đời đến nay, chú mèo Doraemon đã trở thành một biểu tượng văn hóa của đất nước Nhật Bản và được trẻ em toàn thế giới yêu thích.\r\n\r\nMời các em cùng vui với Doraemon và đi tìm lời giải cho những câu hỏi thật “hóc búa”!'),
(15, '2019', 'Tiếng Việt', 226, '18 x 13 x 1.1', 240, 'Bìa mềm', 'Chú khủng long của Nobita” là tác phẩm đầu tiên trong loạt phim hoạt hình rất được mến mộ “Doraemon” được chuyển thể từ nguyên tác truyện tranh của tác giả Fujiko.F.Fujio. (Tác phẩm được công chiếu vào mùa xuân năm 1980). Nobita tình cờ phát hiện thấy một quả trứng khủng long hóa thạch, và quả trứng này đã nở ra chú khủng long cổ dài có tên Pisuke. Nobita và Doraemon quyết định đưa Pisuke trở về thời đại của khủng long, thế nhưng rắc rối đã xảy đến... Diễn biến tiếp theo ra sao, mời các bạn cùng đọc truyện'),
(16, '2019', 'Tiếng Việt', 234, '18 x 13 x 1.2 cm', 248, 'Bìa mềm', 'Nobita và nước Nhật thời nguyên thủy” là tác phẩm thứ 10 trong loạt phim hoạt hình rất được mến mộ “Doraemon” được chuyển thể từ nguyên tác truyện tranh của tác giả Fujko.F.Fujio. (Tác phẩm được công chiếu vào mùa xuân năm 1989). Doraemon, Nobita và các bạn đã cùng nhau bỏ nhà ra đi, quay trở về quá khứ 70 ngàn năm trước. Cả nhóm làm việc rất chăm chỉ, với mục tiêu xây dựng một xã hội lí tưởng tại nước Nhật cổ xưa chưa có con người xuất hiện, thế nhưng... Diễn biến tiếp theo ra sao, mời các bạn cùng đọc truyện'),
(17, '2017', 'Tiếng Việt', 300, '13 x 18 cm', 244, 'Bìa mềm', 'Nobita và vương quốc trên mây là tác phẩm thứ 13 trong loạt phim hoạt hình Doraemon rất được yêu thích, chuyển thể từ nguyên tác truyện tranh cùng tên của tác giả FUJIKO F FUJIO. (bộ phim được công chiếu vào mùa xuân năm 1992).\r\nDoraemon cùng với nhóm bạn Nobita đã xây dựng một vương quốc trong mơ trên những đám mây. Nhưng không ngờ, nhóm bạn lại lạc vào thiên quốc, nơi mà những loài động vật tưởng như đã tuyệt chủng trên mặt đất đang sinh sống một cách hạnh phúc... Và còn cả những con người nơi thiên quốc ấy nữa, họ đến từ đâu…?\r\nChúng ta hãy bước vào vương quốc bồng bềnh trên những đám mây cùng với những người bạn nhé!'),
(18, '2021', 'Tiếng Việt', 200, '18 x 13 cm', 182, 'Bìa mềm', 'Anh chàng nhà văn trẻ Shun đã tình cờ bắt gặp hình bóng cô đơn của cậu học sinh cấp ba Mio trong khi cậu bé đang ngắm biển một mình. Shun liền quyết định bắt chuyện với cậu nhưng chẳng lâu sau, Mio buộc phải rời khỏi hòn đảo nơi hai người họ sinh sống. Ba năm sau, Mio nay đã trưởng thành và quay trở về, cậu bé năm nào thổ lộ tình cảm của mình với Shun nhưng lại không được đối phương chấp nhận. Rốt cuộc lý do của Shun là gì và liệu câu chuyện tình trên hòn đảo nhỏ thuộc tỉnh Okinawa sẽ kết thúc ra sao?\r\n\r\nAmak xin được mang đến với các bạn cuốn manga thể loại BL, \"Người lạ bên bờ biển/Umibe no Étranger\", tác phẩm mở đầu cho series \"L\'étranger\" nổi tiếng của tác giả Kii Kanna đã được chuyển thể thành anime và nhận được nhiều lời khen ngợi từ phía người hâm mộ. Hãy cùng chào đón cặp đôi Shun x Mio các bạn nhé'),
(19, '2022', 'Tiếng Việt', 800, '17.6 x 11.3 x 7.5 cm', 0, 'Bộ Hộp', 'THÁM TỬ KINDAICHI mang đến câu chuyện ly kỳ, hấp dẫn về cậu học sinh Kindaichi Hajime có vẻ ngoài cà lơ phất phơ nhưng hóa ra lại là cháu nội của thám tử lừng danh Kindaichi Kosuke. Trong mỗi vụ án, Kindaichi đều dùng tài suy luận xuất sắc cùng sự giúp đỡ của Miyuki - cô bạn thân từ thuở nhỏ - để phá giải những thủ thuật tinh vi của hung thủ và phá án!!\r\nLần này, nhận lời mời của Midorikawa Mayu - cô bạn học cùng thời cấp 2, Kindaichi và Miyuki đã đến thăm “Làng Hitokui”, ngôi làng nằm sâu trong núi tái hiện hình ảnh một “thị trấn thời Showa”. Thế nhưng đằng sau khung cảnh gợi nhiều hoài niệm đó, làng Hitokui lại ẩn chứa một ác ý đáng sợ. Liệu Kindaichi có hóa giải được bí ẩn lần này!?\r\nHãy cùng chào đón tuyển tập những câu chuyện mới về chàng thám từ Kindaichi lừng danh nhân kỷ niệm 20 năm ra mắt của bộ truyện \"Thám tử Kindaichi\" tại Nhật!'),
(20, '2021', 'Tiếng Việt', 300, '20.5 x 13.5', 215, 'Bìa mềm', 'Bằng ngòi bút trào phúng độc đáo, Số đỏ lên án gay gắt cái xã hội tư sản thành thị Việt Nam đương thơi đang chạy theo lối sống \"văn minh rởm\' hết sức lố lăng đồi bại. Tác giả đã kích cay độc các phong trào \" Âu hoá\", \"thể thao\", \" giải phóng nữ quyền\" đang phát triển rầm rộ khi ấy, nhân danh \"văn minh\", \"tiến bộ\", \"cải cách xã hội\" mà thực chất chỉ là ăn chơi truỵ lạc, làm tiền, chà đạp trắng trợn lên mọi nề nếp đạo đức truyền thống.. Ngôn ngữ nghệ thuật của Vũ Trọng Phụng thấm đẫm cá tính sáng tạo. Một thứ ngôn ngữ vừa gai góc, sắc nhọn, mỉa mai, chát. Cũng là thứ ngôn ngữ hướng đến sự phô bày, lên án, tố cáo những mặt trái của xã hội nhưng dữ dội hơn so với các cây bút hiện thực khác'),
(21, '2020', 'Tiếng Việt', 220, '20.5 x 13.5 cm', 216, 'Bìa mềm', 'Tắt đèn của nhà văn Ngô Tất Tố phản ánh rất chân thực cuộc sống khốn khổ của tầng lớp nông dân Việt Nam đầu thế kỷ XX dưới ách đô hộ của thực dân Pháp. Tác phẩm xoay quanh nhân vật chị Dậu và gia đình – một điển hình của cuộc sống bần cùng hóa sưu cao thuế nặng mà chế độ thực dân áp đặt lên xã hội Việt Nam. Trong cơn cùng cực chị Dậu phải bán khoai, bán bầy chó đẻ và bán cả đứa con để lấy tiền nộp sưu thuế cho chồng nhưng cuộc sống vẫn đi vào bế tắc, không lối thoát.\r\nTrong tác phẩm, cảnh đời tràn nước mắt của gia đình chị Dậu đã được tái hiện một cách sống động trong từng câu chữ, chi tiết văn học với nhiều cung bậc cảm xúc  của tác giả khiến người đọc không khỏi xúc động. Tác phẩm không chỉ kích thích niềm đam mê văn học ở thanh thiếu niên, mà còn bồi đắp cho lớp trẻ những tìm cảm tốt đẹp và khơi dậy lòng trắc ẩn ở các em.\r\nSách do Huy Hoang Bookstore liên kết với nhà xuất bản Văn học phát hành. Trân trọng giới thiệu tới bạn đọc!'),
(22, '2021', 'Tiếng Việt', 400, '21 x 15 x 1cm', 245, 'Bìa cứng', 'Cuốn sách này sẽ dạy bạn cách thực hiện sự thay đổi mô hình thiết yếu này để bạn có thể: Xây dựng 1 doanh nghiệp thành công một cách hiệu quả trong khi không giết chết chính mình. Không bao giờ bị giới hạn mục tiêu và tham vọng của bạn một lần nữa. Mở rộng sự giàu có , đổi mới , các mối quan hệ và niềm vui của bạn'),
(23, '2019', 'Tiếng Việt', 300, '20 x 15 cm', 245, 'Bìa mềm', 'Warren Buffett là chuyên gia đầu tư và là một trong những doanh nhân giàu có, được kính trọng nhất thế giới. Với 12 năm học hỏi trực tiếp các chiến lược và thói quen đầu tư của Warren Buffett, Marry Buffett, cùng với Sean Sear, đã viết nên một cuốn sách hướng dẫn hoàn chỉnh dành cho những nhà đầu tư mới muốn học theo cách đầu tư thành công của Warren Buffett.\r\nThông qua cuốn sách, Mary và Sean sẽ mang lại cho người đọc hướng dẫn chi tiết từng bước về cách phân tích và mua cổ phiếu, đồng thời chỉ ra những cạm bẫy thường gặp trên thị trường cổ phiếu. Cuốn sách sẽ liệt kê những thói quen cần rèn luyện để trở thành một người thành công và giàu có, những phương pháp cụ thể, từ những phương pháp lâu đời nhất theo phong cách của Benjamin Graham đến những phương pháp tân tiến nhất để chọn cổ phiếu thích hợp.\r\nNgoài ra, cuốn sách cũng sẽ hướng dẫn người đọc cách đọc báo cáo tài chính, chuẩn bị bảng cân đối kế toán cá nhân và doanh nghiệp… '),
(24, '2021', 'Tiếng Việt', 500, '20.5 x 14 cm', 452, 'Bìa mềm', '“Các tác giả này thật mãnh liệt. Và học mang ngọn lửa mãnh liệt ấy vào lời kể của họ trong cuốn sách này. Hãy nghe những sĩ quan SEAL có năng lực điên cuồng này cho bạn biết cách chính xác để tạo dựng một đội nhóm thành công qua những trải nghiệm từ chính họ trong kinh doanh cũng như trong chiến đấu.” - The Hustle12 quy tắc chiến đấu trên chiến trường của lực lượng SEAL Mỹ đã được các tác giả đúc rút thành những quy tắc ứng dụng vào môi trường kinh doanh. Khi được áp dụng đúng lúc đúng chỗ, những quy tắc đó sẽ mang lại cho bất kỳ đội nhóm hoặc tổ chức nào, trong bất kỳ môi trường hoạt động nào những thắng lợi và phát triển tương tự. Các tác giả đặc biệt đề cao quy tắc về tinh thần trách nhiệm tối thượng, rằng bất cứ ai đang giữ vị trí lãnh đạo hoặc những người muốn giữ vị trí ấy phải có can đảm và năng lực gánh lấy trách nhiệm về mọi thứ trong thế giới của mình. Họ không thể đổ lỗi cho ai khác ngoài bản thân, từ chấp nhận thất bại, gánh chịu tổn thương đến xây dựng một kế hoạch mới để giành chiến thắng.\r\nCuốn sách trả lời phần nào câu hỏi về lãnh đạo lâu nay vẫn được đặt ra, rằng lãnh đạo là năng lực bẩm sinh hay do tôi luyện mà thành. Cuốn sách đã tạo ra bước đột phá trong phát triển năng lực lãnh đạo và đặt ra một tiêu chuẩn mới về trách nhiệm trong lãnh đạo.'),
(25, '2019', 'Tiếng Việt', 348, '13 x 20 cm', 348, 'Bìa mềm', 'Andrew Carnegie không chỉ là một nhà đại tư bản của nước Mỹ, mà còn là một trong những người bác ái, đóng góp tài sản cho sự phát triển của cộng đồng và nhân loại, một trong những doanh nhân lừng danh bậc nhất thế kỷ 19. Trong cuốn sách tiểu sử về Andrew Carnegie, tác giả Samuel Bostaph tập trung phân tích sự nghiệp của Carnegie thông qua các góc nhìn kinh tế, và tầm ảnh hưởng ông tạo nên đối với giới kinh doanh cũng như chính trị - xã hội Hoa Kỳ trong giai đoạn chuyển mình đầy biến động của đất nước cờ hoa. Từ một cậu bé người Scotland nghèo khổ, Carnegie đã vươn lên trở thành ông trùm ngành thép, góp phần trợ giúp nước Mỹ trụ vững trong thời kỳ suy thoái kinh tế cùng những cuộc khủng hoảng tài chính liên tiếp, từ đó có được tiềm lực kinh tế hùng mạnh như ngày nay.'),
(26, '2021', 'Tiếng Việt', 110, '15 x 10 x 1 cm', 211, 'Bìa mềm', 'Những bài học về tinh thần, tâm linh và trí tuệ đã được chính tiến sĩ Alan Phan chắp bút & phóng tác lại theo nguyên tác của cuốn sách vô giá theo thời gian “Người bán hàng vĩ đại nhất thế giới” của Og Mandino.\r\nLối viết dung dị, đơn giản: dùng một câu chuyện với bối cảnh thân thuộc và mười tờ kinh để thắp nên những bài học thay đổi cuộc đời – tất cả sẽ làm nên những sự thay đổi “diệu kì” khi ta áp dụng triệt để.\r\nTrong cuốn sách người đọc sẽ tìm thấy nhiều bất ngờ thú vị về việc khám phá chính bản thân và sức mạnh nội tại của mình qua ngòi bút “không-kinh-tế” và “đầy tính triết lý nhân sinh” của một “triết gia doanh nhân” bậc thầy Alan Phan.\r\n“Con đường để đạt được thành công và giàu có đều có những thử thách. Và để thành công hay giàu có cần phải có kinh nghiệm và bí quyết.'),
(27, '2021', 'Tiếng Việt', 200, '21 x 13.5 cm', 176, 'Bìa mềm', 'Thương trường và chiến trường đều là những lĩnh vực gay go và phức tạp mà chỉ những nhà cầm quân tài giỏi và sáng suốt mới có khả năng dẫn đến thành công.\r\nBINH PHÁP TÔN TỬ VÀ NGHỆ THUẬT KIẾM TIỀN vận dụng ý tưởng trong binh pháp Tôn Tử để hướng dẫn giải quyết các vần đề của lĩnh vực tài chính kinh doanh một cách thích đáng và hiệu quả. Michael M. K. Cheung có những so sánh xác đáng giữa nguyên tắc dụng binh và nghệ thuật kiếm tiền, và việc áp dụng thành công các chiến lược của Tôn Tử vào lĩnh vực kinh doanh đã được chứng minh rõ rệt qua nhiều ví dụ thực tế. Những ý tưởng quân sự tưởng chừng như xa lạ với thương trường, nhưng qua giải thích và suy luận của tác giả đã trở thành những lời khuyên quý giá cho những người làm kinh doanh'),
(28, '2021', 'Tiếng Việt', 192, '20.5 x 13 cm', 524, 'Bìa Mềm', 'Với 13 năm kinh nghiệm quản lý thành công quỹ đầu tư Fidelity Magellan và lựa chọn hàng nghìn cổ phiếu, Lynch đã đúc kết thành 21 nguyên tắc hài hước mà ông gọi là “Những nguyên tắc của Peter”. Không sử dụng những chương trình máy tính phô trương để chọn chứng khoán hay tối ưu hóa danh mục đầu tư theo biên độ, không chạy theo “cô nàng” Phố Wall đỏng đảnh, Magellan lựa chọn các công ty dựa trên những đánh giá riêng của chính ông và một chiến lược hết sức giản đơn nhưng mang tính sống còn: “Đầu tư vào cái bạn hiểu rõ”.\r\n\r\nChìa khóa để đầu tư thành công, theo Lynch là phải ghi nhớ rằng cổ phiếu không giống như tấm vé số. Luôn có một công ty đằng sau mỗi cổ phiếu và một nguyên nhân lý giải cho cách thức vận hành của các công ty – và cổ phiếu của chúng. Lynch chỉ ra làm cách nào chúng ta có thể tìm hiểu tối đa về công ty mục tiêu và xây dựng một danh mục đầu tư sinh lợi dựa trên chính kinh nghiệm, hiểu biết và kết quả nghiên cứu của bản thân. Không có bất kỳ lý do nào cản trở một nhà đầu tư cá nhân tự trở thành chuyên gia, và cuốn sách này sẽ chỉ ra cách thực hiện điều đó.\r\n\r\nTrong Đánh bại Phố Wall, lần đầu tiên Lynch đã:\r\n\r\nSo sánh khả năng sinh lợi giữa đầu tư cổ phiếu với trái phiếu;\r\n\r\nHướng dẫn từng bước cụ thể của quá trình chọn cổ phiếu;\r\n\r\nChỉ ra làm thế nào nhà đầu tư cá nhân có thể cải thiện thành tích đầu tư của mình sánh ngang với các chuyên gia đầu tư hàng đầu.\r\n\r\nHãy đọc cuốn sách và phát triển một chiến lược đầu tư thắng lợi của chính bạn với lời khuyên quý giá từ “Nhà quản lý tiền số 1 của Mỹ'),
(29, '2021', 'Tiếng Việt', 350, '15.5 x 23', 336, 'Bìa mềm', 'Eric Schmidt – Cựu Chủ tịch điều hành Alphabet và cựu CEO của Google cùng với Jonathan Rosenberg – cựu phó chủ tịch cấp cao của Google và hiện là cố vấn của CEO của Alphabet, chia sẻ với độc giả nhiều điều thú vị về cách thức Google vận hành, từ lịch sử công ty, phỏng vấn tuyển dụng, chiến lược đột phá công ty đến việc phát triển triết lý quản lý và xây dựng nền văn hóa công ty – nơi nuôi dưỡng cải tiến và sáng tạo.\r\nEric và Jonathan chia sẻ những bài học mình có được khi giúp xây dựng Google. Hai tác giả giải thích cách công nghệ đã giúp chuyển quyền lực từ công ty sang khách hàng và cách duy nhất để thành công trong bối cảnh không ngừng thay đổi là tạo ra được những sản phẩm vượt trội và thu hút thế hệ nhân viên mới đa tài năng.\r\n\r\nQuyển sách viết về nhiều đề tài khác nhau để xây dựng thành một công ty quốc tế thành công và lớn mạnh, từ văn hóa công ty, chiến lược, tại năng, ra quyết định, đổi mới, ứng phó với sự phá vỡ,… Và trong một kỷ nguyên mà mọi thứ tăng tốc, cách tốt nhất để bất kỳ doanh nghiệp nào cũng có thể thành công là thu hút được những nhân viên sáng tạo – thông minh và tạo cho họ môi trường để họ phát triển. Quyển sách này sẽ giải thích cách Google đã làm được điều đó như thế nào.'),
(30, '2019', 'Tiếng Việt', 200, '14.5 x 20.5 cm', 364, 'Bìa mềm', '“Nhiều người không hiểu được vì sao một số người lại có thể sống kỷ luật như vậy. Rốt cuộc làm thế nào để họ có thể duy trì được nếp sống như thế? Họ có bí quyết gì không?\r\nThật ra tất cả những người có thể sống tự giác và kỷ luật đều chỉ có một lý do: Họ đã được nếm thử ‘trái ngọt’ mà sự kỷ luật đó mang lại!”\r\nVãn Tình được coi như “nữ hoàng” của dòng sách cảm hứng dành cho phái nữ và từng tạo nên một làn sóng thay đổi tư duy tích cực của hàng vạn phụ nữ Việt Nam qua tác phẩm Bạn đắt giá bao nhiêu?\r\nVẫn là những quan điểm thẳng thắn và đánh trúng tâm lý các cô gái, sự trở lại của Vãn Tình với Không sợ chậm Chỉ sợ dừng mang một hơi thở mới, trung tính hơn, là những bài học đắt giá không chỉ dành cho phái nữ mà còn cả nam giới, về sức mạnh của tính kỷ luật và tự giác để có thể trở thành phiên bản tốt hơn mỗi ngày.\r\nKhi bạn càng Kỷ luật, bạn sẽ càng tới gần Tự do.'),
(31, '2019', 'Tiếng Việt', 450, '13 x 20.5 cm', 450, 'Bìa mềm', 'Tuân Tử nói: “Nói năng hợp lý, đó gọi là hiểu biết; im lặng đúng lúc, đó cũng là hiểu biết”. Ngôn ngữ là thứ có thể thể hiện rõ nhất mức độ tu dưỡng của một người, nói năng hợp lý là một loại trí tuệ, mà im lặng đúng lúc cũng là một loại trí tuệ. Nếu một người không biết giữ miệng, nói mà không suy nghĩ, nghĩ gì nói nấy, tất nhiên rất dễ khiến người khác chán ghét.\r\n\r\nNội dung quyển sách này xoay quanh hai vấn đề đó là “biết cách nói chuyện” và “biết giữ miệng”, thông qua 12 chương sách nói rõ cách nói chuyện với những người khác nhau, cách nói chuyện trong những trường hợp khác nhau, làm thế nào để nắm vững những kỹ năng và chừng mực để nói chuyện cho khôn khéo, những người không giỏi ăn nói làm cách nào mới có thể nói được những lời thích hợp với đúng người và đúng thời điểm, để có thể ứng phó với những trường hợp khác nhau trong giao tiếp.\r\n\r\nNgười biết nói chuyện, ẩn sau con người họ là lòng tốt đã khắc sâu vào xương tủy, là sự tôn trọng đến từ việc đặt mình vào vị trí của người khác, là trí tuệ sâu sắc, độc đáo và lòng kiên nhẫn không ngại phiền hà. Họ chưa hẳn là những người giỏi ăn nói, nhưng mỗi khi nói đều làm người khác như được tắm trong gió xuân, vừa mở miệng là đã toát lên khí chất hơn người.'),
(32, '2019', 'Tiếng Việt', 200, '14.5 x 20.5 cm', 320, 'Bìa mềm', 'Keanu thường được mọi người nhìn nhận như một người hùng, cả trên màn ảnh lẫn ngoài đời thực. Ở anh, chúng ta có thể nhìn thấy sự tận tụy, tử tế, cao thượng và gần gũi. Tuy nhiên, Keanu từng chia sẻ: “Hầu hết mọi người đều biết tôi. Nhưng họ không biết câu chuyện của tôi”.\r\n\r\nNếu không xét đến các nhân vật trong phim thì Keanu còn lại gì? Điều gì đã làm nên một Keanu Reeves tài năng và tử tế đến vậy? Điều gì tạo nên hình ảnh người hùng giữa đời thường hiếm thấy đến thế? Liệu có ai quan tâm đủ nhiều để đi sâu tìm hiểu về những góc khuất trong cuộc đời Keanu? Liệu bản thân anh có đủ dũng khí để đối mặt với quá khứ của chính mình?\r\n\r\nKhi nhìn vào cuộc đời của Keanu, ta sẽ thấy đó là một ma trận với nhiều thăng trầm. Cuộc đời anh xứng đáng được xem như một công trình để khảo cứu, và những sự kiện xảy ra trong đó có thể nói lên nhiều điều về con người của anh.\r\n\r\nTác giả Marc Shapiro chia sẻ: “Ngay sau khi quyết định thực hiện quyển sách này, tôi bắt đầu nghiên cứu một khối lượng tư liệu khổng lồ với tinh thần báo chí thuần túy. Khi những câu chuyện về Keanu ngày càng nhiều thêm, khi thành tựu và nỗi đau của anh dần hiện lên qua những con chữ, tôi thấy thật khó để cảm xúc của mình không bị tác động bởi người nghệ sĩ này”.\r\n\r\nVới những băn khoăn và cảm xúc như vậy, Marc Shapiro đã viết nên “Ma trận cuộc đời Keanu Reeves” (tựa gốc “Keanu Reeves’s Excellent Adventure: An Unauthorized Biography”) được phát hành tại Mỹ vào tháng 9 năm 2020. Đặc biệt, cuốn sách này sẽ được chính thức phát hành tại Việt Nam cùng thời điểm phim The Matrix: Resurrection được công chiếu tại các rạp trên toàn quốc'),
(33, '2019', 'Tiếng Việt', 300, '14.5 x 20.5 cm', 556, 'Bìa gập', 'Dành cho những ai muốn tối ưu khả năng tập trung để tìm kiếm sự gắn kết trong công việc, hướng đến sự viên mãn, và hạnh phúc trong mọi trải nghiệm cuộc sống.\r\n\r\nCó bao giờ bạn hoàn toàn chìm đắm vào một cuốn sách hay, một công việc, hay một buổi trình diễn đến mức không nhận thấy hàng giờ đồng hồ đã trôi qua, thậm chí bạn chẳng có ý niệm gì về mọi thứ xung quanh hay sự tồn tại của chính mình? Thời khắc ấy, một sự khoan khoái kỳ lạ tuôn chảy trong con người bạn, đến mức bạn không ngừng tìm kiếm để có lại những cảm giác tương tự, nhưng điều đó dường như là không thể, bởi bạn chưa thật sự hiểu cảm giác đó là gì, cũng như nguồn gốc hình thành nên trải nghiệm tuyệt vời ấy.\r\n\r\nCâu trả lời sẽ được tìm thấy trong “Dòng chảy” (Flow), cuốn sách tổng hợp công trình trọn đời của nhà tâm lý học người Mỹ gốc Hungary Mihaly Csikszentmihalyi - cây đại thụ của ngành Tâm lý học đương đại. Trạng thái dòng chảy (Flow) là trạng thái ý thức đạt trật tự hài hòa, “trong đó con người tham gia vào một hoạt động sâu sắc đến mức dường như chẳng còn điều gì khác là quan trọng”, người ta sẽ quyết tâm thực hiện hoạt động chỉ bởi lợi ích tự thân khi làm việc đó.\r\n\r\nHai khái niệm không thể tách rời trong thuyết Dòng chảy của Mihaly Csikszentmihalyi là “trạng thái dòng chảy” và “trải nghiệm tối ưu”, những tiền đề của một cuộc sống hạnh phúc. Khi trạng thái dòng chảy diễn ra trong tâm trí, con người có được trải nghiệm tối ưu - “cơ thể hay tâm trí của một người được kéo căng đến giới hạn của nó, trong một nỗ lực tự nguyện, nhằm hoàn thành một nhiệm vụ khó khăn và đáng giá” - chính là lúc bạn hoàn toàn kiểm soát chất lượng cuộc sống, bất chấp các điều kiện ngoại cảnh.\r\n\r\nSau Thế chiến thứ 2, Mihaly Csikszentmihalyi nhận thấy nhiều người đã không thể tận hưởng cuộc sống viên mãn vì những hệ lụy của chiến tranh. Điều này trở thành động lực thôi thúc Mihaly đào sâu, tìm hiểu về bản chất của hạnh phúc, và tìm lời giải cho câu hỏi “điều gì tạo nên một cuộc đời đáng sống?”. Mihaly đã dành gần như toàn bộ cuộc đời của mình cho những nghiên cứu xoay quanh chủ đề này, và cuốn sách “Dòng chảy” chính là thành quả vĩ đại từ công trình nghiên cứu đó. Tác phẩm không những tạo nên tên tuổi của ông, mà còn trở thành quyển sách kinh điển, đóng góp to lớn trong việc giúp nhiều người đạt được trải nghiệm thăng hoa nhất trong cuộc sống.\r\n\r\nThuyết Dòng chảy không chỉ là một chủ đề học thuật đơn thuần, mà nó còn mang tính thực tiễn và ứng dụng cao. Chẳng hạn như trong chủ đề nâng cao hiệu suất trong công việc, có rất nhiều đầu sách nổi tiếng đã được phát triển dựa trên thuyết Dòng chảy của Mihaly Csikszentmihalyi, như “Deep Work” của Cal Newport, hay “Thinking, Fast and Slow” của Daniel Kahneman.\r\nTuy nhiên, không chỉ dừng lại ở đó, thuyết Dòng chảy hiện đang được tiếp tục nghiên cứu và áp dụng trong hầu hết các ngành Khoa học Xã hội, trong Kinh tế, thậm chí trong nghiên cứu sự tiến hóa của nhân loại, và các lĩnh vực đời sống khác nhau nhằm cải thiện chất lượng cuộc sống, bao gồm cả tâm lý trị liệu, cải tạo tội phạm vị thành niên, giáo dục, âm nhạ Và dẫu trình bày một vấn đề học thuật, cuốn sách này được tác giả viết dành cho độc giả phổ thông, nhằm tóm lược các nghiên cứu trong nhiều thập kỷ về những khía cạnh tích cực trong trải nghiệm của con người.\r\n\r\nThuyết Dòng chảy được xây dựng trên cơ sở giải phẫu ý thức, truy tìm nguồn gốc sự bất mãn của con người, trong đó thế lực ảnh hưởng xấu nhất đến ý thức chính là entropy tâm thần - trạng thái rối loạn thường thấy ở tất cả mọi người. Dựa trên cơ chế thiết lập trật tự trong ý thức, tìm kiếm sự thưởng thức và các trải nghiệm có mục đích tự thân, trạng thái dòng chảy là thứ chúng ta chủ động làm cho nó xảy ra.\r\n\r\nVới 10 chương sách, tác giả Mihaly Csikszentmihalyi sẽ từng bước tái cấu trúc hạnh phúc, bằng cách rút ra một công thức bao gồm 9 điều kiện cần thiết để đưa mình vào trạng thái dòng chảy. Từ đó giúp bạn có được khả năng tập trung cao độ, đạt được hiệu suất tối ưu nhất trong mọi việc cũng như trải nghiệm cuộc sống một cách trọn vẹn nhất mà không cần quá nỗ lực hay cố gắng. Bạn sẽ sống hạnh phúc hơn, chủ động hơn, và cân bằng hơn trong mọi hoàn cảnh'),
(34, '2019', 'Tiếng Việt', 150, '13 x 20.5 cm', 298, 'Bìa mềm', 'Lối sống tối giản là cách sống cắt giảm vật dụng xuống còn mức tối thiểu. Và cùng với cuộc sống ít đồ đạc, ta có thể để tâm nhiều hơn tới hạnh phúc, đó chính là chủ đề của cuốn sách này.\r\n\r\nChẳng có ai từ khi sinh ra đã có tài sản, đồ đạc gì trong tay. Vậy nên bất cứ ai khi mới chào đời đều là những người sống tối giản. Cứ mỗi lần bạn sở hữu trong tay những đồ dùng hơn mức cần thiết là một lần bạn lấy mất tự do của chính mình. Giá trị bản thân chúng ta không đo bằng những đồ dùng mà chúng ta sở hữu. Những đồ dùng này chỉ cho chúng ta một chút cảm giác hạnh phúc nhất thời mà thôi. Mang theo những đồ dùng hơn mức cần thiết sẽ lấy hết thời gian, năng lượng của bạn. Khi nhận ra được điều đó, tức là bạn đã bắt đầu trở thành một người sống tối giản.\r\n\r\nNhững người sống tối giản luôn cảm thấy vui vẻ, mới lạ mỗi ngày. Cái cảm giác này, tôi nghĩ bất cứ ai cũng có thể cảm nhận được, dù bạn có phải là một người sống tối giản hay không, bởi bất cứ ai.\r\n\r\nLối sống tối giản của người Nhật gồm có năm chương, trong đó, chương một, tác giả sẽ giới thiệu cho bạn lối sống tối giản là gì, đưa ra định nghĩa của anh về nó. Sau đó anh sẽ đưa ra lý do vì sao mình lại theo lối sống này sau nhiều năm sống trong căn phòng của bản thân.\r\n\r\nChương hai tác giả sẽ đề cập đến tại sao sau ngần ấy năm, đồ đạc trong nhà lại chất nhiều đến thế. Những đồ đạc được tích tụ lại do thói quen hay nhu cầu của con người này mang ý nghĩa gì?\r\n\r\nChương ba là những bí quyết để cắt giảm đồ đạc trong nhà. Tác giả sẽ đưa ra cho bạn những quy tắc cụ thể, những phương pháp để có thể giảm bớt đồ đạc trong nhà. Thêm vào đó cũng sẽ giới thiệu cho bạn danh sách bổ sung 15 điều cho những người muốn tối giản hơn nữa cùng với toa thuốc cho “căn bệnh muốn vứt bỏ”.\r\n\r\nChương bốn, những thay đổi của chính tác giả sau khi dọn hết đồ đạc trong nhà. Kèm theo đó, anh còn phân tích và khảo sát thêm về các kết quả nghiên cứu tâm lý học.\r\n\r\nCuối cùng chương năm, tiếp nối ý từ chương bốn, tác giả sẽ giải thích tại sao những thay đổi của bản thân lại dẫn đến “hạnh phúc”.\r\n\r\nĐể hiểu sâu hơn về lối sống tối giản, bạn nên đọc hết từ chương một đến chương bốn. Tuy nhiên, bạn cũng có thể đọc riêng từng chương. Thậm chí chỉ cần đọc chương ba cũng có thể giúp bạn cắt giảm được đồ đạc của mình.'),
(35, '2021', 'Tiếng Việt', 150, '13 x 18.5 cm', 216, 'Bìa mềm', 'Hạnh phúc không phải là thứ được định đoạt bằng tiền. Hạnh phúc phải được định đoạt bằng tâm thế của mỗi chúng ta\r\nGiá sản phẩm trên Tiki đã bao gồm thuế theo luật hiện hành. Bên cạnh đó, tuỳ vào loại sản phẩm, hình thức và địa chỉ giao hàng mà có thể phát sinh thêm chi phí khác như phí vận chuyển, phụ phí hàng cồng kềnh, thuế nhập khẩu (đối với đơn hàng giao từ nước ngoài có giá trị trên 1 triệu đồng).....'),
(36, '2021', 'Tiếng Việt', 200, '13 x 20 cm', 276, 'Bìa mềm', 'Không chỉ trong thơ ca, sách vở mà ngay cả những bộ phim điện ảnh và truyền hình giờ đây cũng đều tập trung khai thác hình ảnh cuộc sống của những thế hệ trẻ hiện đại. Ngoại hình, địa vị, vật chấ luôn là những đề tài được bàn tán sôi nổi về con người. Dường như, có ngoại hình, địa vị, điều kiện kinh tế hay không mới là tiêu chí đánh giá thành công của một người trong xã hội này. Thế nhưng, khó khăn lớn nhất đối với mỗi người không nằm ở những tiêu chí đó mà nằm ở việc quá trình trưởng thành của bản thân không theo kịp tốc độ phát triển của xã hội và tốc độ già đi của tuổi tác.\r\n\r\n“Sống chậm lại, nghĩ khác đi, yêu thương nhiều hơn” truyền tải tới những người trẻ trong xã hội hiện đại thông điệp về lối sống “chậm để trải nghiệm, chậm để tận hưởng và chậm để trưởng thành” để họ có thể tự tin, mạnh mẽ bước qua mọi khó khăn, sóng gió trên đường đời. Bởi, “Lựa chọn lối sống như thế nào không phải là vấn đề tiên quyết đối với một người, luôn hướng về phía trước với một tâm lý tích cực, kiên trì, tin tưởng bản thân mới là điều quan trọng nhất mà bất kỳ ai đều nên có.”'),
(39, '2020', 'Tiếng Việt', 170, '14.5 x 20.5 cm', 212, 'Bìa mềm', 'Cam kết nói không với xe rác khiến cho hạnh phúc và phép lịch sự trở thành hiện thực. Điều này hỗ trợ điều kia trong một vòng tròn khép kín.\r\n“Có những người giống như “chiếc xe rác” vậy: họ chứa trong mình đầy “rác rưởi” - sự thất vọng, tức giận và chán nản. Và tất nhiên, họ phải tìm chỗ để trút bỏ mớ rác rưởi đó. Nếu thấy họ trút lên bạn thì bạn đừng đón nhận. Hãy mỉm cười, vẫy chào, chúc họ vui, rồi tiếp tục công việc của mình. Cứ tin tôi đi, rồi bạn sẽ thấy hạnh phúc hơn.”\r\n\r\nCâu nói trên của một người lái taxi đã khiến David J.Pollay nảy sinh ý tưởng để viết nên “Bài học diệu kỳ từ chiếc xe rác”. Thông qua cuốn sách này, bạn sẽ học được cách vô hiệu hóa “những chiếc xe rác”, không bị những nguyên nhân vụn vặt cản trở con đường hoàn thiện bản thân, bỏ qua những điều tiêu cực nằm ngoài tầm kiểm soát và trân trọng những gì tốt đẹp đang hiện hữu trước mắt.\r\n\r\nLôi cuốn, sáng tạo, nhẹ ở nội dung và hút ở bìa truyện. Bài học diệu kỳ từ chiếc xe rác quả thật là một cuốn sách gối đầu giường tuyệt vời dành cho những ai đang muốn tìm ra cho mình những giá trị mới mẻ trong cuộc sống. Quyển sách hứa hẹn sẽ mang lại những suy nghĩ, những cái nhìn mới tích cực hơn, yêu đời hơn – bắt đầu từ những câu chuyện không đâu lạ lẫm, những dòng thông điệp ngắn ngủi tưởng chừng như đơn giản lại mang những triết lý hết sức to lớn gửi đến tất cả mọi người.\r\n\r\nCó thể thấy được một điều xuyên suốt diễn ra ở nội dung là sự đề cập đến một bối cảnh chẳng đâu xa lạ – Những điều luôn chiếm một phần lớn trong cuộc đời mỗi người chúng ta – Đó là những cảm xúc cơ hồ ai cũng đã từng gặp phải, những thất vọng, những chán nản, những nỗi buồn vô cớ, cùng những ký ức vô nghĩa nhưng lại kéo dài dai dẳng trong hành trình đi đường của một chiếc xe rác – Một câu chuyện với sự lặp đi lặp lại có chủ đích, một cái xe không ngừng ném rác rưởi và rồi quay lại nhặt chúng lên – một hình ảnh đủ để ta mang máng hình dung ra cái gì đó. Điều này có thể được ta hiểu theo một cách có ngụ ý: Mọi cảm xúc tiêu cực sẽ không đưa bạn đến hướng đi của việc giải quyết vấn đề, chúng đưa bạn đến một bãi rác – nơi chúng ta hoàn toàn có thể cá rằng mình không hề thích một chút nào.'),
(40, '2019', 'Tiếng Việt', 200, '16 x 24 cm', 424, 'Bìa mềm', 'Thiên tài bên trái, kẻ điên bên phải là cuốn sách dành cho những người điên rồ, những kẻ gây rối, những người chống đối, những mảnh ghép hình tròn trong những ô vuông không vừa vặn… những người nhìn mọi thứ khác biệt, không quan tâm đến quy tắc. Bạn có thể đồng ý, có thể phản đối, có thể vinh danh hay lăng mạ họ, nhưng điều duy nhất bạn không thể làm là phủ nhận sự tồn tại của họ. Đó là những người luôn tạo ra sự thay đổi trong khi hầu hết con người chỉ sống rập khuôn như một cái máy. Đa số đều nghĩ họ thật điên rồ nhưng nếu nhìn ở góc khác, ta lại thấy họ thiên tài. Bởi chỉ những người đủ điên nghĩ rằng họ có thể thay đổi thế giới mới là những người làm được điều đó.'),
(41, '2019', 'Tiếng Việt', 200, '14 x 20.5cm', 256, 'Bìa mềm', 'Bước Chậm Lại Giữa Thế Gian Vội Vã (Tái Bản)\r\n\r\nChen vai thích cánh để có một chỗ bám trên xe buýt giờ đi làm, nhích từng xentimét bánh xe trên đường lúc tan sở, quay cuồng với thi cử và tiến độ công việc, lu bù vướng mắc trong những mối quan hệ cả thân lẫn sơ… bạn có luôn cảm thấy thế gian xung quanh mình đang xoay chuyển quá vội vàng?'),
(42, '2018', 'Tiếng Việt', 300, '14 x 20.5cm', 358, 'Bìa mềm', 'Một đêm vội vã lẩn trốn sau phi vụ khoắng đồ nhà người, Atsuya, Shota và Kouhei đã rẽ vào lánh tạm trong một căn nhà hoang bên con dốc vắng người qua lại. Căn nhà có vẻ khi xưa là một tiệm tạp hóa với biển hiệu cũ kỹ bám đầy bồ hóng, khiến người ta khó lòng đọc được trên đó viết gì. Định bụng nghỉ tạm một đêm rồi sáng hôm sau chuồn sớm, cả ba không ngờ chờ đợi cả bọn sẽ là một đêm không ngủ, với bao điều kỳ bí bắt đầu từ một phong thư bất ngờ gửi đến…'),
(43, '2021', 'Tiếng Việt', 300, '14 x 20.5cm', 322, 'Bìa mềm', 'Đại dương đen là hành trình nhẫn nại của tác giả Đặng Hoàng Giang cùng người trầm cảm, kể cho chúng ta câu chuyện vừa dữ dội vừa tê tái về những số phận, mà vì định kiến và sự thiếu hiểu biết của chính gia đình và xã hội, đã bị tước đi quyền được sống với nhân phẩm, được cống hiến, được yêu thương và hạnh phúc.'),
(44, '2022', 'Tiếng Việt', 200, '14 x 20.5cm', 358, 'Bìa mềm', 'Elisa Esposito sống cuộc đời câm lặng, cam phận trong những lồng kính của căn hộ bé nhỏ, của chuyến xe buýt chật hẹp và các hành lang dài ngột ngạt trước khi gặp được sinh vật như định mệnh của mình. Cả hai đều không thể cất tiếng nói, mà chỉ giao tiếp với nhau bằng ký hiệu và ánh mắt. Nỗi cô đơn, mặc cảm và lạc lõng là sợi dây kết nối, cuốn hút hai kẻ khác loài hướng về nhau, thôi thúc họ làm nên những điều không tưởng.'),
(45, '2022', 'Tiếng Việt', 300, '14 x 20.5cm', 192, 'Bìa mềm', '“Nếu thế giới này còn thứ gì giữ bạn lại, là tình yêu thương hay sự quan tâm trong phút giây nào đó, mong bạn đừng gạt nó đi, bạn đừng bỏ qua sự cố gắng của bản thân dù nhỏ bé nhất!”- Khải Trạch. Hóa ra tận cùng nỗi đau và tận cùng sự chống chọi là một lòng tha thiết sống, lòng tha thiết bám rễ ở cuộc đời này như thế.\r\n\r\n“Những đêm không ngủ, những ngày chậm trôi” là một khoảng lặng giữa những nốt nhạc vội vã chạy nhảy giữa cuộc sống hiện đại, để những con người dù mang trong mình những tổn thương tâm lý hay không đều cùng ngồi lại bên nhau, soi tỏ tâm hồn nhau bằng ánh sáng của sự thấu cảm, trao gửi cho nhau thương yêu và kết nối để chữa lành.'),
(46, '2019', 'Tiếng Việt', 400, '13 x 20.5 cm', 364, 'Bìa mềm', 'Red không sợ những con sói to lớn. Red không sợ bất cứ điều gì… trừ phép thuật. Nhưng khi bà của Red bị bệnh, dường như chỉ có phép thuật mới có thể giúp được bà, và Red buộc phải đối mặt với điểm yếu nhất của bản thân: sợ hãi chính bản thân mình. Dưới sự giúp đỡ của một cô bạn tóc vàng, phiền phức có tên là Goldie, Red tiếp tục nhiệm vụ của mình để chữa bệnh cho bà. Cuộc hành trình của cô đã đưa cô bé qua hang động của người lùn, gặp Phù Thủy Giếng, đến một lâu đài của con quái thú. Trong khi đó, Red và Goldie bị theo dõi bởi một con sói và một người thợ săn – hai kẻ thù không đội trời chung, tìm kiếm sự giúp đỡ của các cô gái để đánh bại nhau. Và mọi thứ chỉ có thể được giải quyết khi Red tìm được giải pháp màu nhiệm…'),
(47, '2018', 'Tiếng Việt', 200, '14 x 20.5cm', 264, 'Bìa mềm', 'Điểm đến của cuộc đời kể lại một hành trình không thể nào quên cùng những người cận tử. Dấn thân vào “một thế giới của những bi kịch và tổn thất khổng lồ, của phẩm giá và lòng tự trọng trong hoàn cảnh khắc nghiệt, của sự phản bội và sợ hãi, của tình yêu mãnh liệt và hy vọng khôn nguôi, tóm lại, của tất cả những gì thuộc về con người, ở mức độ dữ dội nhất”, tác giả muốn đi tìm câu trả lời cho thôi thúc nội tâm: ta nên ứng xử thế nào trước cái chết, và sự chết có thể dạy ta điều gì cho cuộc sống?\r\n\r\nKỳ lạ thay, những số phận được kể trong cuốn sách, dù đang ở tầng bậc tột cùng của nỗi đau đớn, lại cho thấy những điều đẹp đẽ đến mức khiến ta nghẹn ngào: bản lĩnh để đi qua bi kịch khó diễn đạt bằng lời, thái độ bình tĩnh của con người tự do trước cái chết, khao khát làm việc có ích, trỗi dậy vào những ngày tháng cuối cùng. Đồng hành với họ, ta thấy biết ơn, hạnh phúc và giàu có. Gấp lại cuốn sách, ta có thể được rất nhiều: một nhận thức thấm thía về sự hữu hạn của con người, một thái độ điềm tĩnh trước điểm kết, lòng trân trọng cuộc sống, để từ đó bắt đầu rời xa những phù phiếm ồn ào, sắp xếp lại các ưu tiên, tập trung vào những điều cốt lõi khiến cuộc sống có ý nghĩa.\r\n\r\nMột hành trình dũng cảm. Một cuốn sách tràn đầy tính nhân văn và và sức lay động tâm hồn.\r\n\r\nGiá sản phẩm trên Tiki đã bao gồm thuế theo luật hiện hành. Bên cạnh đó, tuỳ vào loại sản phẩm, hình thức và địa chỉ giao hàng mà có thể phát sinh thêm chi phí khác như phí vận chuyển, phụ phí hàng cồng kềnh, thuế nhập khẩu (đối với đơn hàng giao từ nước ngoài có giá trị trên 1 triệu đồng).....'),
(51, '2021', 'Tiếng Việt', 400, '14 x 20.5cm', 256, 'Bìa mềm', 'Cô bé nhìn mưa là thiên hồi ức về một gia đình trí thức lớn trong bối cảnh những biến động của lịch sử Việt Nam gần suốt thế kỷ XX:\r\n\r\nHồi ức về quê nội trên rừng và quê ngoại dưới biển;\r\n\r\nHồi ức về người cha, một học giả uyên bác và người mẹ, một phụ nữ dịu dàng tần tảo;\r\n\r\nHồi ức về những người thân yêu in dấu sâu đậm suốt tuổi thơ, về các chị em ruột thịt và gia đình riêng, về bạn bè và đồng nghiệp…;\r\n\r\nĐó cũng là hồi ức về cách mạng và kháng chiến, về Chủ tịch Hồ Chí Minh và Đại tướng Võ Nguyên Giáp, về những người lính trẻ đã ra đi không trở lại.'),
(52, '2019', 'Tiếng Việt', 200, '15 x 23 cm', 322, 'Bìa mềm', 'Hoàng tử bé được viết ở New York trong những ngày tác giả sống lưu vong và được xuất bản lần đầu tiên tại New York vào năm 1943, rồi đến năm 1946 mới được xuất bản tại Pháp. Không nghi ngờ gì, đây là tác phẩm nổi tiếng nhất, được đọc nhiều nhất và cũng được yêu mến nhất của Saint-Exupéry. Cuốn sách được bình chọn là tác phẩm hay nhất thế kỉ 20 ở Pháp, đồng thời cũng là cuốn sách Pháp được dịch và được đọc nhiều nhất trên thế giới. Với 250 ngôn ngữ dịch khác nhau kể cả phương ngữ cùng hơn 200 triệu bản in trên toàn thế giới, Hoàng tử bé được coi là một trong những tác phẩm bán chạy nhất của nhân loại.\r\n\r\nỞ Việt Nam, Hoàng tử bé được dịch và xuất bản khá sớm. Từ năm 1966 đã có đồng thời hai bản dịch: Hoàng tử bé của Bùi Giáng do An Tiêm xuất bản và Cậu hoàng con của Trần Thiện Đạo do Khai Trí xuất bản. Từ đó đến nay đã có thêm nhiều bản dịch Hoàng tử bé mới của các dịch giả khác nhau. Bản dịch Hoàng tử bé lần này, xuất bản nhân dịp kỷ niệm 70 năm Hoàng tử bé ra đời, cũng là ấn bản đầu tiên được Gallimard chính thức chuyển nhượng bản quyền tại Việt Nam, hy vọng sẽ góp phần làm phong phú thêm việc dịch và tiếp nhận tác phẩm quan trọng này với các thế hệ độc giả.\r\n\r\nTôi cứ sống cô độc như vậy, chẳng có một ai để chuyện trò thật sự, cho tới một lần gặp nạn ở sa mạc Sahara cách đây sáu năm. Có thứ gì đó bị vỡ trong động cơ máy bay. Và vì ở bên cạnh chẳng có thợ máy cũng như hành khách nào nên một mình tôi sẽ phải cố mà sửa cho bằng được vụ hỏng hóc nan giải này. Với tôi đó thật là một việc sống còn. Tôi chỉ có vừa đủ nước để uống trong tám ngày.\r\n'),
(53, '2021', 'Tiếng Việt', 200, '13 x 20.5 cm', 200, 'Bìa mềm', 'Chủ đề cuốn sách được lấy cảm hứng từ hình ảnh một chiếc giếng không đáy. Chiếc giếng đó được tạo ra ở thẳm sâu trong tâm hồn của mỗi chúng ta.\r\n\r\nChắc hẳn trong khoảnh khắc nào đó của cuộc đời, ai cũng có những lúc muốn nhảy xuống chiếc giếng không đáy, hay muốn gào thét trong đó mà không hề có tiếng vọng lại, nhưng thẳm sâu trong chúng ta là cần sự thấu hiểu, ít nhất là từ một ai đó - như sự hi vọng có một cái đáy giếng khi chơi vơi trong đó quá lâu, hay là một tiếng vọng lại khi việc thét gào đã quá mỏi mệt.\r\n\r\n\r\nVới sự kết hợp của nhiều tác giả trong A Crazy Mind, cuốn sách là tập hợp những câu chuyện lạ mà quen. Mỗi câu chữ đem đến một thế giới riêng, một chiếc giếng riêng của cuộc đời mà cả tất cả chúng ta ai cũng đã ít nhất một lầm gặp phải và song song với đó là cách để ta tìm lối thoát ra khỏi sự chơi vơi không đích đến của chiếc giếng sâu thẳm trong tâm hồn.\r\n\r\nCòn bạn, đã có lúc nào bạn rơi xuống chiếc giếng của mình chưa?');
INSERT INTO `chitietsp` (`maSach`, `namXB`, `ngonNgu`, `trongLuong`, `kichThuoc`, `soTrang`, `hinhThuc`, `baiViet`) VALUES
(54, '2021', 'Tiếng Việt', 300, '13 x 20.5 cm', 256, 'Bìa mềm', 'Liệu có gì chung giữa viết văn và chạy bộ? Có, Haruki Murakami trả lời, giản dị, tự tin, bằng hành động viết và bằng cuộc sống của chính mình. Nhà văn Nhật Bản nổi tiếng, tác giả Rừng Na Uy, Biên niên ký chim vặn dây cót, Kafka bên bờ biển… bên cạnh khả năng viết xuất chúng còn là một người chạy bộ cừ khôi. Trong cuốn sách nhỏ mà thú vị này, bằng giọng văn lôi cuốn, thoải mái nhưng đầy sức mạnh, Murakami kể về quá trình tham gia môn chạy bộ cùng những suy tưởng của ông về ý nghĩa của chạy bộ, và rộng hơn nữa, của vận động cơ thể - sự tuân theo một kỷ luật khắt khe về phương diện thể xác - đối với hoạt động chuyên môn của ông trong tư cách nhà văn. Những nghiền ngẫm của Murakami về sự tương đồng giữa chạy - hành vi thể chất - và viết văn - hành vi tinh thần – thực sự quý báu với những người đọc quan tâm đến văn chương và bản chất của văn chương, đặc biệt người viết trẻ.\r\n\r\nHaruki Murakami, nhà văn Nhật Bản lừng danh, là tác giả nhiều tiểu thuyết thuộc hàng bán chạy nhất thế giới đồng thời nhận được sự đánh giá cao của giới phê bình nghiêm túc, “hàn lâm”. Nhiều tác phẩm của ông đã dịch ra tiếng Việt và được người đọc Việt Nam ưa thích, như Rừng Na Uy, Biên niên ký Chim vặn dây cót, Phía Nam biên giới phía Tây mặt trời, Kafka bên bờ biển, Người tình Sputnik, Xứ sở diệu kỳ tàn bạo và chốn tận cùng thế giới …'),
(55, '2021', 'Tiếng Việt', 400, '14.5 x 20.5 cm', 359, 'Bìa mềm', 'Ba nghìn năm trước, thời gian như một cái chớp mắt, tháng năm xa xưa khúc khuỷu, hoang liêu mà đẹp đẽ. Nhật nguyệt tỏ mờ, cây cỏ khô tươi, thế nhân tan hợp, đều chung vui buồn.\r\n\r\nGiữa nhân gian huyên náo vãng lai này, vạn vật thoạt trông thì phồn thịnh mà bơ vơ, thực ra thứ gì cũng có sở cầu, thứ gì cũng có nơi gửi gắm. Những chuyện và người đã qua, cũng tan biến giữa phong cảnh trôi nhanh như ráng chiều soi đình viện.\r\n\r\nThục nữ yểu điệu ba nghìn năm trước vẫn đang hái rau hạnh bên sông, người quân tử muốn theo đuổi nàng vẫn ngày nhớ đêm mong, không ăn không ngủ. Người ấy ba nghìn năm trước vẫn ở bên bờ nước. Hoa đào ba nghìn năm trước vẫn nở rồi tàn theo thời tiết, chẳng tỏ cùng ai. Thời gian ba nghìn năm trước vẫn lênh đênh trôi đi giữa mênh mông gió bụi.\r\n\r\nSuốt ba nghìn năm, bóng thời gian đan xen, vật đổi sao dời, từ cổ kính bao la đến liễu rủ phồn hoa, từ núi sông lặng lẽ đến mây vần gió nổi. Biết bao sát phạt chiến loạn, biết bao tai nạn kiếp số, như một trận gió lồng lộn thổi qua vô số triều đại, chẳng có gì ngăn trở.\r\n\r\nCó lúc nghĩ rằng triều đại nào cũng trôi đi như thế, chỉ làm khách bên đường, không say mê, không dừng lại. Không xảy ra chuyện gì với ai, cũng không vướng phải bất cứ tình cảm gì, không động tới gió nhẹ mưa phùn, thậm chí cây cỏ đá núi cũng không vương vấn.'),
(57, '2021', 'Tiếng Việt', 200, '13 x 20 cm', 192, 'Bìa mềm', 'Giống như mấy bộ phim hậu tận thế (cũng là giả tưởng buồn hiu): bề mặt trái đất không còn sự sống, không màu xanh, chỉ bụi xám chì phủ lớp đất bạc như muối hầm. Và nắng, thứ nắng lửa tận diệt mọi sinh vật nào đối đầu trực diện với nó, bằng sức nóng hủy diệt.\r\nMột thế giới mới đồng dạng cả tin, đầy những thứ giả tạo đẹp đẽ, nơi người ta đánh mất dần cá tính, sự hoài nghi, rung cảm, mất luôn cả bóng mình. Những con người không bóng, thì cô độc nào hơn?\r\n\r\nĐộc lập nhưng lại kết nối với nhau bởi nơi chốn giả lập và chủ điểm về nỗi cô độc trong tinh thần, các câu chuyện trong Hong tay khói lạnh, một lần nữa, lại cho thấy tài năng, sức tưởng tượng, sự nhạy cảm và đồng cảm hiếm có của Nguyễn Ngọc Tư trước tâm trạng chung của con người giữa những biến động lớn của đời sống.'),
(58, '2022', 'Tiếng Việt', 700, '16 x 24 cm', 660, 'Bìa mềm', 'Với tự truyện Mit Livs Eventyr (Chuyện đời tôi) của ông, độc giả Việt Nam có dịp tiếp cận đại văn hào ở đa diện góc nhìn hơn, khi ông xuất hiện ở tư cách một nhà thơ, một kịch tác gia, một tiểu thuyết gia trước khi là một nhà văn chuyên viết truyện thần tiên cho thiếu nhi. Cũng qua tự truyện này, không chỉ thuật lại những năm tháng tuổi thơ cùng nhiều duyên may định mệnh đã tạo nên bước ngoặt thay đổi đời mình, Andersen còn tiết lộ những chi tiết thú vị về đời sống viết lách phong phú của mình, với chất liệu dồi dào được ông thu thập qua biết bao những chuyến du ký qua nhiều xứ sở châu Âu, những cuộc gặp và tương tác với nhiều nhân vật nổi tiếng, tiêu biểu của thế kỷ XIX ở Đức, Pháp, Ý, Hà Lan, Thụy Điển, Anh, và cả những vùng đất và những công quốc mà giờ đây chỉ còn được chúng ta biết đến qua các tài liệu lịch sử…\r\n\r\nĐầy ắp chi tiết thú vị, chứa đựng gần như toàn vẹn tâm hồn của một tác giả lãng mạn, đầy tình thương yêu dành cho con người, Chuyện đời tôi xứng đáng là cuốn sách tiếp theo của Andersen được “gối đầu giường” bên cạnh những tuyển tập truyện thần tiên đã quá nổi tiếng của ông.'),
(59, '2021', 'Tiếng Việt', 600, '14.5 x 20.5 cm', 592, 'Bìa mềm', 'Sử ký của Tư Mã Thiên là cả một thế giới. Tác phẩm vĩ đại này ghi lại lịch sử Trung Hoa trên dưới hai ngàn năm, từ thời Hoàng Đế trong huyền thoại đến vua Hiếu Vũ nhà Tây Hán. Bất luận là ai, chỉ cần đọc Sử ký đều sẽ tìm được cho mình những giá trị lịch sử, văn chương, tư tưởng… vượt thời gian.\r\n\r\nSử gia Ban Cố nhận xét cách viết Sử ký là “bày sắp lẽ việc thì biện bác mà không phù hoa, mộc mạc mà không quê mùa. Văn viết thẳng. Việc chép đúng. Không khen hão. Không giấu lỗi. Cho nên gọi là thực lục.”\r\n\r\nBản dịch của Nhượng Tống năm 1944\r\n\r\nBản dịch của Nhượng Tống năm 1944 là bản dịch ra quốc ngữ có hệ thống đầu tiên tại Việt Nam. Bản dịch này chẳng những được văn đàn đánh giá cao về khả năng chuyển ngữ điêu luyện mà còn có ảnh hưởng cực kỳ to lớn đối với hai bản dịch sau đó: Bản dịch của Nhữ Thành (Phan Ngọc) gần như tiếp nối văn phong của Nhượng Tống và bản dịch của nhóm Giản Chi – Nguyễn Hiến Lê cố gắng học theo phong cách của Nhượng Tống.'),
(60, '2018', 'Tiếng Việt', 300, '14 x 20.5cm', 256, 'Bìa mềm', 'Ngành công nghiệp điện ảnh Mỹ thuở sơ khai là một trong những ngành bị ruồng bỏ: kỹ thuật quay phim thời ấy còn quá tệ để giúp điện ảnh vượt lên trên các nhà hát nguy nga tráng lệ. Những người tiên phong ngành điện ảnh như các hãng Metro, Goldwyn, Paramount, Fox hay Warner Bros lúc ấy cũng chỉ mò mẫm trong bóng tối. Nếu như không có những chiêu trò truyền thông nửa chính nửa tà của những chuyên gia như Harry Reichenbach, có lẽ ngành điện ảnh sẽ không bao giờ được như ngày hôm nay.\r\n\r\nXuất thân là dân gánh xiếc nay đây mai đó với đủ loại chiêu trò tinh quái, Harry Reichenbach đã nâng ngành truyền thông lên một tầm cao mới, với những kỹ thuật sáng tạo vượt ra ngoài mọi khuôn khổ. Đường phố đã dạy cho ông cách phản ứng nhanh cùng với tư duy linh hoạt trong mọi tình huống. Và đó chính là thứ mà Reichenbach sẽ truyền lại cho các thế hệ sau trong quyển sách này.\r\n\r\nHarry Reichenbach (1882–1931), chuyên gia truyền thông kỳ cựu người Mỹ. Ông là một trong những người tiên phong đưa ngành điện ảnh Mỹ từ thuở sơ khai trở thành một ngành công nghiệp bạc tỷ như ngày nay. Reichenbach đã từng làm việc với những hãng phim lớn như MGM, Paramount... và làm nên tên tuổi của nhiều minh tinh thời bấy giờ. Có thể nói, Reichenbach là một trong những người giúp định hình cả ngành truyền thông lẫn điện ảnh hiện đại.'),
(61, '2020', 'Tiếng Việt', 600, '16 x 24 cm', 592, 'Bìa mềm', 'Cuốn sách là bộ thông sử đầu tiên trên thế giới phản ánh lịch sử Trung Quốc trong hơn 3000 năm từ thời hiên viên theo truyền thuyết cổ đại tới những năm Thái Sơ thời Hán Vũ đế. Sử ký tư mã thiên gồm 52 vạn chữ, 130 thiên, chia là 5 phần: Bản kỷ, biểu, thư, thế gia, liệt truyện '),
(62, '2020', 'Tiếng Việt', 500, '14 x 20.5cm', 445, 'Bìa mềm', 'Không gặp rào cản về sức khỏe hay trí tuệ, gia cảnh cũng không đến nỗi nghèo túng, lại sống ở nước Mỹ – nơi mà dường như cả thế giới đổ xô đến để học, vậy mà Tara Westover phải đợi đến năm 17 tuổi mới được cắp sách đến trường.\r\n\r\nCô từng phải lái xe ba tiếng đồng hồ để tìm người giảng cho mình vài bài lượng giác.\r\n\r\nCô đã phải vừa làm bảo vệ cho một tòa nhà, vừa đi lau dọn nhà thuê để trang trải chi phí ở trường đại học.\r\n\r\nCó lúc, cô lại nhận ra thực tế phũ phàng rằng dù có nỗ lực qua được tất cả các môn, cô cũng không có tiền để mà học tiếp.\r\n\r\nẤy vậy mà 10 năm sau ngày đầu tiên được-học, Tara Westover đã giành học vị Tiến sĩ ngành Sử học tại Đại học Cambridge danh tiếng.\r\n\r\nHành trình của Westover,như tạp chí Times nhận xét thì “từ một góc xa xôi hẻo lánh của miền Tây nước Mỹ tới một trong những vị trí cao quý nhất giới học thuật của thế giới quả thật là phi thường'),
(63, '2022', 'Tiếng Việt', 300, '14 x 20.5cm', 322, 'Bìa mềm', 'Người ta nói Tổng thống Hoa Kỳ mới đắc cử Joseph R. Biden Jr. vừa là người may mắn nhất, vừa là người kém may mắn nhất. Ông may mắn khi bền bỉ duy trì được sự nghiệp chính trị kéo dài hơn năm thập kỷ tại Nhà Trắng và xây dựng được những mối quan hệ đáng kinh ngạc cả trong và ngoài nước; nhưng bên cạnh đó, chính người đàn ông tưởng như có tất cả này đã phải trải qua những nỗi đau sâu sắc trong cuộc sống cá nhân đến nỗi việc ông tiếp tục tham gia chính trường được coi là điều kỳ diệu.\r\n\r\nSự nghiệp kéo dài của Biden được thúc đẩy bởi một động lực hiếm thấy ở nhóm lãnh đạo chính trị cấp cao nhất, đó là tinh thần sẵn sàng đương đầu với những thiếu sót và sai lầm của bản thân, bất chấp vận may có đứng về phía mình hay không. Những thử thách của cuộc đời - dù mang tính cá nhân hay khi phục vụ đất nước đã giúp ông đặc biệt đồng cảm với những con người ở trong tình cảnh khó khăn. Trong bối cảnh rối ren hiện tại, đây là một phẩm chất trọng yếu để Biden dẫn dắt nước Mỹ hướng tới sự phục hồi và những chuyển biến tích cực.\r\n\r\nEvan Osnos, người được nhận Giải thưởng Sách Quốc gia Hoa Kỳ năm 2014, đã tận dụng gần mười năm kinh nghiệm đưa tin cho The New Yorker để miêu tả một cách khách quan và đa chiều những yếu tố quan trọng trong cuộc bầu cử tổng thống bất thường năm 2020. Cá tính của nhiều chính khách đã được bộc lộ trong “Joe Biden: Hành trình kéo dài năm thập kỷ”, thông qua các cuộc phỏng vấn kéo dài giữa Osnos với Biden và hơn 100 người liên quan tới sự nghiệp và cuộc đời ông, bao gồm cựu tổng thống Barack Obama, những nhân vật kỳ cựu trong các đảng chính trị, cùng một loạt các nhà hoạt động xã hội, người cố vấn, đối thủ cũng như các thành viên trong gia đình Biden.'),
(64, '2022', 'Tiếng Việt', 1000, '16 x 24 cm', 1200, 'Bìa cứng', 'Adolf Hitler – chân dung một trùm phát xít là tác phẩm đồ sộ và chi tiết bậc nhất từng có về Adolf Hitler. Với những phân tích sâu sắc và sáng rõ dựa trên một lượng lớn các nguồn tài liệu chưa công bố cùng các cuộc phỏng vấn 200 người từng là đồng sự hoặc từng tiếp xúc với Hitler, Toland đã vén bức màn phủ kín xung quanh tên trùm phát xít, giúp người đọc có một cái nhìn đầy đủ và rõ ràng nhất về nhân vật vô cùng đặc biêt này.\r\n\r\nMột cuốn sách đã bán hơn 370.000 bản trên toàn nước Mỹ, một cuốn sách đáng đọc đầu tiên mà bất cứ độc giả nào quan tâm tới Hitler và cuộc chiến tranh châu Âu giai đoạn này nên tìm Toland đã cặn kẽ phân tích con đường tiến thân của Hitler từ thời niên thiếu, trưởng thành cho đến khi đứng trên đỉnh cao tội ác cùng những yếu tố ngoại cảnh ảnh hưởng tới tâm lý cũng như những tội ác mà ông đã gây ra cho nhân loại nói chung và dân tộc Do Thái nói riêng.'),
(65, '2021', 'Tiếng Việt', 300, '14 x 20.5cm', 289, 'Bìa mềm', 'Đó là những gì Kito Aya có trong hơn 20 năm cuộc đời. Với Aya, tương lai của cô là một con đường hẹp, và càng ngày nó càng trở nên hẹp hơn. Căn bệnh ngăn trở Aya khỏi tất cả những ước mơ và dự định, thậm chí việc tự mình bước ra ngoài phố để đi tới hiệu sách cũng trở thành một khao khát cháy bỏng. Hơn 6 năm kiên trì viết nhật ký, cô kể về những cảm nhận và suy tư của bản thân trong suốt quãng thời gian chứng kiến cơ thể mình từng bước từng bước gánh lấy một số phận đau đớn . Nhưng từ trong nước mắt và tật nguyền, cuộc tìm kiếm giá trị bản thân của cô đã làm rúng động cả Nhật Bản.\r\n\r\n“Có những người mà sự tồn tại của họ giống như không khí, êm dịu, nhẹ nhàng, chỉ khi họ mất đi người ta mới nhận ra họ quan trọng nhường nào. Mình muốn trở thành một sự tồn tại như thế.” - Trích Một lít nước mắt'),
(66, '2020', 'Tiếng Việt', 300, '14 x 20.5cm', 273, 'Bìa mềm', 'Tự truyện “Ngọn lửa xanh” của Hanyu Yuz là một trong những cuốn sách rất nổi tiếng ở Nhật về bộ môn trượt băng nghệ thuật. Hanyu Yuzuru có một đam mê cháy bỏng với ước mơ của mình, không bao giờ gục ngã trước nghịch cảnh, luôn chăm chỉ, nỗ lực phấn đấu để đạt được mục tiêu đã đưa ra. Nhờ đó, cậu đã đạt được những thành tựu lớn trong sự nghiệp của mình, tiêu biểu là hai lần liên tiếp đoạt Huy chương Vàng Olympic hạng mục Trượt băng đơn nam. Hanyu Yuzuru chính là một tấm gương quý báu về sự chăm chỉ và nỗ lực để giới trẻ học tập, trên thực tế cậu ấy đã và đang là người truyền cảm hứng sống tích cực đến rất nhiều người ở khắp nơi trên thế giới.\r\n\r\n“Tôi đã tham gia rất nhiều ice show và nhận được vô số lá thư tại những nơi đó, nhưng vì số lượng thư quá lớn nên tôi không thể đọc hết ngay được. Sau giải Vô địch Quốc gia, tôi mới có thời gian đọc toàn bộ và gửi thư trả lời. Trong những bức thư tôi nhận được, có một số đến từ Iwaki, tỉnh Fukushima, một số từ bờ biển Iwate, Ofunato và Ishinomaki ở tỉnh Miyagi. Điều này khiến tôi bỗng có cảm giác muốn khóc.\r\nCho tới lúc đó, tôi vẫn nghĩ rằng việc tôi đang làm là vì bản than mình, nhưng khi đọc những lá thư, tôi mới nhận ra rằng không phải mình đang tiếp sức cho người khác mà ngược lại, chính tôi là người luôn nhận được sự ủng hộ. Kể từ giây phút ấy, có gì đó bên trong tôi đã thay đổi.”\r\nMọi người đều đã biết về thành tích của Hanyu Yuzuru tại Olympic Sochi, hoặc khi cậu trở thành vận động viên Trượt băng nghệ thuật đầu tiên trong lịch sử chinh phục mốc 300 điểm. Trong cuốn sách kế tiếp này, hãy cùng dõi theo những thăng trầm và thay đổi trong tâm hồn của Hanyu qua lời kể của chính cậu nhé.'),
(67, '2022', 'Tiếng Việt', 300, '14 x 20.5cm', 284, 'Bìa mềm', 'Trong cuốn hồi ký Đời tôi - Đỏ và Trắng, huấn luyện viên bóng đá hàng đầu thế giới Arsène Wenger lần đầu tiên kể cho chúng ta nghe câu chuyện của chính bản thân mình. Wenger thoải mái chia sẻ về cuộc đời ông, những nguyên tắc thành công ở cả trong và ngoài sân cỏ, cùng những bài học về thuật lãnh đạo, sự phát triển cá nhân và công tác quản trị đội bóng. Wenger trình bày nhiều suy ngẫm có giá trị về bóng đá – Những cách tiếp cận mới mẻ và độc đáo của ông trong việc xây dựng động lực, tư duy, duy trì thể lực và tâm lý chiến thắng cho đội bóng. Ông từng dẫn dắt nhiều câu lạc bộ, ấn tượng nhất là thời gian 22 năm dẫn dắt đội Arsenal 1996-2018. Cùng đội bóng London này, ông giành được nhiều danh hiệu, trong đó có một mùa giải bất bại khi Arsenal vô địch Anh (Premier League) mùa bóng 2003-2004. Wenger nổi tiếng với tư duy bóng đá tấn công, những phương pháp cách tân trong chế độ dinh dưỡng và duy trì thể lực cho cầu thủ, cũng như khả năng độc đáo trong việc phát hiện ra các tài năng trẻ. Là người đam mê lối chơi bóng đá tấn công, Wenger luôn tin rằng chơi đẹp và cống hiến nên là mục tiêu của bóng đá. Hiện nay ông là Giám đốc phát triển bóng đá toàn cầu của Liên đoàn Bóng đá Thế giới (FIFA).'),
(68, '2021', 'Tiếng Việt', 1100, '14 x 20.5cm', 1072, 'Bìa cứng', 'Cuốn hồi ký nổi tiếng của vị Tổng thống da màu đầu tiên nước Mỹ, Barack Obama -\r\n\r\n“Miền đất hứa” (tựa gốc “A Promised Land”) là một trong những cuốn sách được bạn đọc trông chờ nhất trong năm nay. Đây là cuốn hồi ký của cựu Tổng thống Barack Obama, chứa đựng những ghi chép cuốn hút, đầy riêng tư về lịch sử trong quá trình tạo lập đến từ vị Tổng thống đã truyền cảm hứng để chúng ta tin vào sức mạnh của nền dân chủ.\r\n\r\n“Miền đất hứa” là tập một trong bộ hai cuốn tự truyện của Barack Obama. Trong tập đầu tiên này, ông đã kể lại câu chuyện về cuộc viễn du của chàng thanh niên da đen, từ lúc đi tìm danh tính cho mình, cho đến khi trở thành Tổng thống da màu đầu tiên của nước Mỹ. Cuốn sách mô tả chi tiết góc nhìn cá nhân đầy ấn tượng cả về Giáo dục, Chính trị, lẫn những bước ngoặt ở nhiệm kỳ đầu khi giữ cương vị Tổng thống - khoảng thời gian có tính chất lịch sử đối với bản thân Barack Obama và cũng là thời kỳ chuyển đổi đầy hỗn loạn và kịch tính.\r\n\r\nObama đã dẫn dắt độc giả vào một hành trình cuốn hút, khởi đi từ khát vọng chính trị đầu tiên của ông cho đến chiến thắng then chốt tại hội nghị cử tri Iowa, rồi đến đêm 4 tháng 11 năm 2008 trọng đại, khi ông được bầu làm tổng thống thứ 44 của Hoa Kỳ, trở thành người Mỹ gốc Phi đầu tiên giữ chức vụ cao nhất của cường quốc này.'),
(69, '2019', 'Tiếng Việt', 700, '14 x 20.5cm', 654, 'Bìa cứng', 'ư Mã Thiên (145 TCN – 86 TCN), tên tự là Tử Trường, là tác giả bộ Sử ký (史記); với bộ sử đó, ông được tôn là Sử thánh, một trong Mười vị thánh trong lịch sử Trung Quốc. Ông làm chức Thái sử lệnh (太史令) rồi Trung thư lệnh, đời nhà Hán.\r\n\r\nNhưng một điều còn làm chúng ta ngạc nhiên hơn là công trình khoa học lớn lao ấy đồng thời lại là một trong những tác phẩm văn học ưu tú của nhân loại. Người Trung Hoa xem nó là tác phẩm lớn nhất về văn xuôi trong nền văn học cổ Trung Quốc, là tác phẩm cổ điển ngang hàng với thơ của Đỗ Phủ.\r\nSử ký là cả một thế giới. Nó làm thỏa mãn tất cả mọi người. Người nghiên cứu sử thì tìm thấy ở đấy một kho tài liệu vô giá, chính xác, với một giá trị tổng hợp rất cao. Người nghiên cứu sử tìm thấy ở đấy kho tài liệu vô giá, chính xác, với giá trị tổng hợp cao. Nhà nghiên cứu tư tưởng tìm thấy qua Sử ký “một trong những nhà tư tưởng vĩ đại nhất của thời cổ đại”. Người bình thường tìm thấy vô số những hình tượng điển hình, những câu chuyện hấp dẫn, những con người với sức sống mãnh liệt. Người nghiên cứu văn học còn tìm thấy ở đấy một tác phẩm mãi mãi tươi trẻ và đầy ắp hơi thở thời đại, “một tập Ly tao không vần” như lời đánh giá của Lỗ Tấn.'),
(71, '2021', 'Tiếng Việt', 300, '14 x 20.5cm', 206, 'Bìa mềm', 'Sau thành công của Tuổi Trẻ Đáng Giá Bao Nhiêu, tác giả lên đường du học và nhìn lại quá trình học tập của mình từ khi ra trường cho đến hôm nay. Trên Hành Trình Tự Học là tập hợp những bài viết liên quan đến việc học.\r\n\r\nSách chia làm bốn phần chính: Học Để Biết, Học Để Làm, Học Để Chuyển Mình, Học Để Chung Sống. Mỗi phần đều được viết dựa trên kinh nghiệm của tác giả và từ những câu chuyện của những người bạn mà tác giả có dịp gặp gỡ, chia sẻ. Tác giả cũng xem xét về các khía cạnh khác nhau của sự học: cách học trực tuyến, học từ trường, từ gia đình… Song song đó là nhận định tổng quan về giá trị chung của việc học.\r\n\r\nNhìn lại hành trình vừa qua, tôi thấy mình chỉ thực sự học tập một cách chủ động và tự thân sau khi rời khỏi ghế nhà trường. Bước chân vào trường đời, tôi thường xuyên tự thấy bản thân quá thiếu hiểu biết về nhiều điều nơi thế giới bên ngoài, quá thiếu những kỹ năng cần thiết để định hướng bản thân trong cuộc đời rộng lớn này. Nhìn xung quanh, tôi thấy có những người quăng hết sách vở sang một bên sau khi rời khỏi trường học, rồi chỉ dần già đi chứ không lớn lên theo thời gian… Khi đọc sách của những học giả Việt Nam ngày trước, tôi giật mình tự hỏi vì sao các bậc tiền bối lại bác cổ thông kim, vừa thấm nhuần lịch sử văn hóa đạo học phương Đông, vừa rành rẽ khoa học ngôn ngữ triết học phương Tây. Nhìn lại bản thân, tôi bỗng thấy lòng hổ thẹn, vì với điều kiện học tập thuận lợi trong thời đại thông tin, mà tôi đã không hiểu gì nhiều về vùng đất nơi mình sinh ra, lại càng chẳng biết bao nhiêu về những lục địa khác. Đó là lúc tôi bước chân vào hành trình tự học.'),
(72, '2020', 'Tiếng Việt', 300, '14 x 20.5cm', 327, 'Bìa mềm', 'Có lẽ chúng ta đang chứng kiến sự phục sinh đáng kinh ngạc của hiện tượng làm nhục công cộng, khi trong thời đại của Internet, chưa bao giờ con người lại bị lăng nhục nhanh, nhiều và dễ dàng đến thế! Những câu chuyện thời sự nóng bỏng trong Thiện, Ác và Smartphone của Đặng Hoàng Giang đã phác họa sắc nét bức chân dung của văn hóa làm nhục thời mạng xã hội, với toàn bộ sự xấu xí và sức phá hủy của nó. Cùng những phân tích thấu đáo buộc chúng ta phải đối diện chính bản thân mình, và giật mình nhận ra đôi khi bản thân cũng đang góp phần tạo ra bức tranh chung đó…\r\n\r\nKhông dừng lại ở đó, tác giả tìm ra con đường thoát bằng sức mạnh của sự điềm tĩnh, vững vàng và trắc ẩn. Để ý thức rằng đằng sau những avatar ảo là con người thật, rằng mỗi nút like có thể là một ngọn roi góp vào cuộc hành hình tập thể. Để phê bình mà không mạt sát, lên án nhưng không lăng nhục. Để trong khi thượng tôn pháp luật vẫn trân trọng nhân phẩm con người. Để thấu cảm, khoan dung và tha thứ. Để hướng tới một xã hội của công lý, phục hồi và hàn gắn, thay vì của trừng phạt tàn khốc.\r\nGiàu chất thời sự nhưng mang ý nghĩa vững bền, chạm tới từng góc khuất trong tâm can mỗi người nhưng đồng thời bao quát cả xã hội, cuốn sách mang tính xây dựng và tinh thần nhân văn sâu sắc.\r\n\r\nHãy đặt smartphone xuống và đọc cuốn sách này!'),
(73, '2022', 'Tiếng Việt', 200, '14 x 20.5cm', 256, 'Bìa mềm', 'Các Ty độc quyền thuốc phiện và muối ở Đông Dương là cuốn sách được Jacques Dumarest phát triển từ Luận án Tiến sĩ Luật cùng tên ông đã bảo vệ thành công tại Đại học Lyon năm 1938.\r\n\r\nTrong cuốn sách, Dumarest tập trung nói về các Ty độc quyền thời thuộc Pháp qua từng thời kỳ lịch sử. Vậy các Ty độc quyền là gì? Và ảnh hưởng của nó đến nền kinh tế - xã hội Đông Dương bấy giờ như thế nào?\r\n\r\nToàn quyền Paul Doumer là chính người đã khai sinh và kiện toàn tổ chức những Ty độc quyền thuốc phiện, rượu và muối ở Đông Dương vào cuối thế kỷ XIX. Ông ta gọi 3 Ty độc quyền này là ba con vật kiếp trâu ngựa (bêtes de somme), thồ cho gánh nặng ngân sách Đông Dương. Với chính sách tận thu, tạo ra “một cơn mưa đá những loại thuế” đổ vào đầu người dân, Toàn quyền Doumer đã bị dư luận lên án là một tên thực dân đầu sỏ tàn bạo. Nhưng ông ta quả là một nhà tài chính có đầu óc tính toán khôn ngoan khi xếp hạng những loại thuế do Ty độc quyền đặc thu vào loại thuế gián thu để tránh sự bất mãn, phản kháng có thể tạo ra tình trạng rối loạn. Mặt khác, những khoản thu nhập béo bở này được rót thẳng vào tổng ngân sách Đông Dương dùng cho những lợi ích chung của Liên bang, mà không hề chia phần cho những ngân sách địa phương của của các xứ.\r\n\r\nNhư vậy, mặc dù làm mếch lòng các vị Thống đốc, Thống sứ và Khâm sứ, nhưng Paul Doumer lại là vị cứu tinh, cứu thoát tình hình tài chính Đông Dương lúc đó khỏi nguy cơ sụp đổ. Với số tiền khổng lồ đó, Doumer đã đầu tư vào sự phát triển kinh tế Đông Dương, đặc biệt thiết lập một cơ sở hạ tầng quy mô về giao thông vận tải như các tuyến đường sắt, đường bộ, cầu cống…Tác hại và mối lợi lớn từ các Ty độc quyền hai mặt hàng đặc biệt muối và thuốc phiện là bằng chứng hiển hiện “nền thực dân nước đôi” của người Pháp tại Đông Dương.'),
(74, '2021', 'Tiếng Việt', 200, '14 x 20.5cm', 156, 'Bìa mềm', 'Tôi nhận được lời mời viết lời giới thiệu cho cuốn “Nghề thầy” của cụ Hoàng Đạo Thúy (1900-1994) giữa lúc làn sóng phê bình sách giáo khoa tiếng Việt lớp 1 vừa lắng xuống.\r\n\r\nBởi thế, tôi đã đọc bản thảo cuốn sách trong một tâm trạng rất đặc biệt với không biết bao nhiêu mối liên tưởng dọc ngang giống như từng đợt sóng.\r\n\r\nHiện thực ngổn ngang của giáo dục hiện tại và những lời gan ruột của một người thầy nổi tiếng, thần tượng của nhiều thế hệ thanh niên, đã làm tôi chìm đắm trong nhiều suy ngẫm và liên tưởng.\r\n\r\nĐã gần 80 năm trôi qua kể từ khi cuốn sách “Nghề thầy” được xuất bản lần đầu tiên (1944). Tuy nhiên, chong đèn lên và đọc nó trong tâm thế không rời bỏ những ngổn ngang của hiện thực và kìm nén suy tư, ta sẽ thấy những gì cụ viết trong cuốn sách, những lời tâm sự mà cụ giãi bày trong cuốn sách mỏng này vẫn còn nóng hổi.\r\n\r\nTất nhiên, có người sẽ bảo “in lại một cuốn sách đã xuất bản từ 1944 có cần thiết không khi mọi thứ ở đó đã trở thành…đồ cổ?”.\r\n\r\nKhông! Nhiều thứ, kể cả những tri thức giáo dục học ở trong sách vẫn còn nóng hổi! Cho dù chỉ là một cuốn sách mỏng, viết dưới dạng những lời tâm sự, chia sẻ về chuyện nghề của một người thầy cả đời tâm huyết hơn là một công trình khảo cứu công phu của một học giả chủ trương lập thuyết, nhưng kì lạ thay, đa số những vấn đề mà tác giả đặt ra, bàn luận, hướng dẫn cho đến hôm nay vẫn chưa hề cũ, thậm chí là còn rất mới, thậm chí nhiều giáo viên đương đại còn chưa với tới.\r\n\r\nNếu loại trừ đi cách dùng từ ngữ cổ kính mang dấu ấn của thời đại đã qua và tạm thay vào đó bằng một số từ ngữ đang được dùng phổ biến thậm chí là “thời thượng” ở hiện tại, ta sẽ thấy hình như cuốn sách được viết cho chính chúng ta, cho chính những người đang làm “nghề thầy” trong thế kỉ XXI này!'),
(75, '2021', 'Tiếng Việt', 200, '14 x 20.5cm', 256, 'Bìa mềm', 'Đại dịch thế kỷ Covid-19 được phát hiện tại thành phố Vũ Hán, Trung Quốc.\r\n\r\n\r\nLoại virus mới lạ này được cho là bắt nguồn từ khu chợ Hoa Nam chuyên bán hải sản và động vật hoang dã. Ngày 31/12/2019, Trung Quốc báo cáo với Tổ chức Y tế thế giới (WHO) về một loại virus mới gây viêm phổi cấp ở 27 người. Một ngày sau, chính quyền Vũ Hán đóng cửa chợ hải sản Hoa Nam khi truy vết một số bệnh nhân là các tiểu thương hoặc người đến chợ này. Ba tuần sau, chính quyền Bắc Kinh ra lệnh phong tỏa thành phố Vũ Hán hơn 11 triệu dân.\r\n\r\n\r\nNgày 30/1/2020, Tổ chức Y tế thế giới (WHO) ban bố tình trạng khẩn cấp toàn cầu do sự bùng phát và lây lan của virus corona chủng mới bởi quy mô đã rộng lớn, tốc độ chóng mặt và nguy hiểm vô cùng.\r\n\r\n\r\nViệt Nam cũng không đứng ngoài cơn bão giông thế kỷ mang tên Covid-19. Hậu quả do đại dịch để lại vô cùng lớn, không tính toán được. Những con virus Sars-Cov-2 (Covid-19) vô tướng, vô hình, vô thanh, mắt thường không nhìn thấy được, nhưng lại có sức mạnh bất tận. Dường như virus Sars-Cov-2 đặt ra “luật chơi”, và phá hủy nhiều hệ giá trị tinh thần đã ổn định của loài người, làm nhân loại thất điên bát đảo. Con người nhận thức về con người, về thế giới và hành động, ứng xử thế nào, phòng tránh thiên tai ra sao vẫn là cuộc hành trình bất tận đi tìm câu trả lời. Nhưng, những gì xảy ra trong đại dịch thì tất cả đều lộ diện y nguyên, trần trụi, khiến chúng ta giật mình phải điều chỉnh lại tư duy và cách sống.\r\n\r\nQuả thật, đại dịch Covid-19 như “hàn thử biểu” đo lòng người. Cuộc chiến chống virus Sars-Cov-2 càng khốc liệt, tang tóc, thì phẩm chất con người càng thử thách. Đọc “Khi đại dịch thế kỷ Covid-19 đi qua”, bạn đọc có thể hình dung được quá trình diễn biến của dịch. Dù đại dịch Covid-19 chưa đến hồi kết, nhưng đã có quá nhiều điều đáng kể, đáng nói, đáng ghi chép lại từ một hiện thực nóng bỏng và khốc liệt. Bên cạnh những người giả dối, cơ hội, trục lợi, chủ quan, lơ là, lo sợ, hoang mang, kỳ thị,… thậm chí vô cảm với nỗi đau đồng loại, thì số đông là những người chân thực, thiện lương, tử tế, can đảm, tận tụy, tỉnh táo, giàu tình thương yêu, thầm lặng làm việc tốt trước thiên tai nghiệt ngã… Những sự kiện, câu chuyện, nhân vật ấy đã được ghi lại bằng cái nhìn tỉnh táo, nhân văn giàu trách nhiệm người cầm bút của Nhà văn, Nhà báo Sương Nguyệt Minh. Ông nêu sự kiện, ông trích văn bản đặt trong ngoặc kép, ông dẫn câu chuyện rồi ông bình luận, khái quát bằng một cái nhìn khách quan, sắc sảo.\r\n\r\n\r\nBạn đọc sẽ được nhìn nhận cơn dư chấn thay đổi nhiều hệ giá trị này qua cuốn “Khi đại dịch thế kỷ Covid-19 đi qua” được viết trong quá trình xảy ra đại dịch, đến nay vẫn đang gia tăng mức độ nguy hiểm, với niềm hy vọng đại dịch sớm chấm dứt.\r\n\r\nSBOOKS PHÁT HÀNH\r\n\r\nGiá sản phẩm trên Tiki đã bao gồm thuế theo luật hiện hành. Bên cạnh đó, tuỳ vào loại sản phẩm, hình thức và địa chỉ giao hàng mà có thể phát sinh thêm chi phí khác như phí vận chuyển, phụ phí hàng cồng kềnh, thuế nhập khẩu (đối với đơn hàng giao từ nước ngoài có giá trị trên 1 triệu đồng).....'),
(76, '2022', 'Tiếng Việt', 200, '14 x 20.5cm', 192, 'Bìa mềm', 'Đối với những người trẻ được sống như ý không phải lúc nào cũng dễ dàng, đặc biệt với những người đã phải trải qua một quãng thời gian khó khăn rồi mới có thể tìm được con người thật của mình, là chính mình. Những câu chuyện tình của họ có nhiều dang dở vì những mặc cảm, rào cản, khao khát được làm điều mình muốn, gắn bó với người mình yêu thương cả đời là các mong ước nhỏ trong lòng.\r\n\r\nĐể rồi khi không thể giãi bày cùng ai, họ mang những điều thầm kín thổi vào những vần thơ nơi chỉ có những “câu chuyện về nàng và tôi”.\r\n\r\n“Chuyện kể rằng có nàng và tôi” là cuốn sách nhỏ với những áng thơ nhẹ nhàng, lãng mạn thể hiện mối giao hòa đẹp đẽ trong tâm hồn những người con gái. Tình yêu của họ vượt trên tất thảy mọi định kiến, chỉ còn lại là những cảm xúc dạt dào, vô tận. Trong những câu thơ đôi khi họ là những người lãng du cô đơn bước chân qua đám đông tranh cãi ồn ào và luôn khao khát tìm kiếm hạnh phúc.'),
(78, '2021', 'Tiếng Việt', 200, '14 x 20.5cm', 210, 'Bìa mềm', 'hơ của Trần Vàng Sao chính là cuộc đời ông. [] Thơ ông hiện ra như chính áo quần ông, tóc tai ông, hơi thở ông, ánh mắt ông, giọng nói ông, cảm giác ông, mồ hôi ông, đau đớn ông, giận dữ ông, giày vò ông, tuyệt vọng ông, khát vọng ô và nhịp đập trái tim ông là thứ kỳ diệu nhất gắn kết toàn bộ những gì thuộc về ông để vang lên thành thi ca. Bởi thế, thơ ông chân thực và mãnh liệt như máu chảy trong huyết quản ông.\r\n\r\nTrần Vàng Sao là một thi sĩ chân chính đến trầm luân, Trần Vàng Sao là một người yêu nước đến đau đớn.\r\nNguyễn Quang Thiều - Phó chủ tịch Hội Nhà văn Việt Nam, Giám đốc, Tổng biên tập Nhà xuất bản Hội Nhà văn'),
(79, '2022', 'Tiếng Việt', 200, '14 x 20.5cm', 192, 'Bìa mềm', 'Tác phẩm gồm trên 60 truyện thơ với văn phong dí dỏm và hàm súc đa nghĩa. Thơ ngụ ngôn của La Fontaine tiêu biểu cho bút pháp nhẹ nhàng linh hoạt, uyên bác, hài hước, và cũng mơ mộng, phóng túng. Thơ của ông mang tính chất dân tộc sâu sắc, là biểu tượng của nền văn hóa Pháp. Chính cuộc sống chan hòa với thiên nhiên, gần gũi với người dân thường đã khiến cho thơ văn của ông giàu tính dân gian, giàu chất thơ của cuộc sống và sự thực tinh tế, sinh động. Khi ông miêu tả thiên nhiên hay viết về các loài thú, loài cây, về con cáo, chùm nho, con cừu, cây bắp cải cũng như thể hiện lòng nhân ái bao la của ông đối với người nghèo. Ông có kiến thức uyên bác về cả thiên nhiên và xã hội, giao thiệp rộng rãi với giới tri thức tự do, sống phóng túng, không thích gần gũi cung đình như nhiều nhà văn Cổ điển khác.'),
(80, '2021', 'Tiếng Việt', 200, '14 x 20.5cm', 175, 'Bìa mềm', 'Chủ tịch Hồ Chí Minh là vị lãnh tụ thiên tài của Đảng và nhân dân Việt Nam, anh hùng giải phóng dân tộc, danh nhân văn hoá thế giới. Người kết tinh trong mình những phẩm chất và giá trị tinh thần cao quý nhất của giai cấp công nhân và dân tộc việt Nam. Cuộc đời, sự nghiệp của Người là một tấm gương sáng vì dân, vì nước. Trong suốt cuộc đời hoạt động cách mạng, Người đã trải qua nhiều khó khăn, gian khổ, thậm chí nguy hiểm đến tính mạng, nhưng dù bất kỳ hoàn cảnh nào. Người cũng vẫn luôn lạc quan, tin tưởng vào thắng lợi của cách mạng. Tinh thần ấy thể hiện rõ trong nhiều trước tác của Người, trong đó tập thơ Nhật ký trong tù.\r\n\r\nĐây là một tập thơ chữ Hán, gồm hơn một trăm bài thơ, phần cuối có một số ghi chép về quân sự và thời sự, được Chủ tịch Hồ Chí Minh sáng tác trong thời gian hơn một năm (từ 29-8-1942 đến 10-9-1943) Người bị chính quyền địa phương của Tưởng Giới Thạch bắt giam trái phép tại các nhà tù ở tỉnh Quảng tây, Trung Quốc. Nhật ký trong tù lên án chế độc nhà tù hà khắc của chính quyền Quốc dân Đảng, thể hiện tinh thần lạc quan cách mạng và tình cảm nhân đạo cộng sản chủ nghĩa cao đẹp của Chủ tịch Hồ Chí Minh. '),
(81, '2021', 'Tiếng Việt', 200, '14 x 20.5cm', 192, 'Bìa mềm', 'Hàn Mặc Tử được sinh ra cho thơ. Sinh thời, Hàn đã sống bằng thơ. Bây giờ và mai sau Hàn vẫn sống bằng thơ. Bởi vì Hàn đã chết cho mỗi lời thơ. Đó là bài học về thơ đắt giá và sáng giá nhất của muôn đời.” - Nhà phê bình văn học CHU VĂN SƠN\r\n\r\n“Thơ Hàn Mặc Tử đi từ trong sáng đến đau thương, bay lên thượng tầng đớn đau chết chóc, rồi trở lại những tinh khiết ban đầu như chưa bao giờ bợn gợn những vật vã kinh hoàng trần thế. Thơ đi cùng Hàn từ thơ ấu đến dậy thì, thành niên với những say mê đắm đuối, rồi thơ mắc bạo bệnh về cõi chết cùng Hàn. Nhưng ở những giây phút khắc nghiệt nhất, hoang loạn nhất, vẫn có hai Hàn, hai thơ: một Hàn của mộng đẹp khi cơn đau lắng xuống và một Hàn của mộng dữ khi cơn đau dấy lên cực điểm. Một Hàn thổ huyết và một Hàn trở lại bình an sau mỗi sóng bão phong ba.” - Nhà phê bình văn học THỤY KHUÊ -\r\n\r\nNhằm giúp các bạn học sinh có một nền tảng kiến thức văn học phong phú, vững vàng, Nhà xuất bản Kim Đồng tổ chức biên soạn bộ sách Tủ sách Văn học trong nhà trường.'),
(82, '2021', 'Tiếng Việt', 200, '14 x 20.5cm', 256, 'Bìa mềm', 'Cuộc sống vốn chẳng có quy tắc, nếu như nhất định phải có thì quy tắc duy nhất chính là, bạn có quyền sử dụng bất cứ cách thức nào mà bạn cảm thấy tốt để hoàn thiện con người tốt nhất của mình. Cô đơn và đau khổ là hai môn học bắt buộc, mờ mịt và nóng nảy là bài kiểm tra, sau này bình thản sẽ là phương thức, như vậy thì mới thể hiện được rõ ràng bản lĩnh của mình.\r\nSương mù trước mặt tan đi và ta thấy bụi gai trên đường, ta nói với chính mình, cứ giẫm lên nó mà tiến bước, đó sẽ là con đường của ta.'),
(83, '2022', 'Tiếng Việt', 200, '14 x 20.5cm', 192, 'Bìa mềm', 'Bộ sách 10 cuốn gồm những câu chuyện thú vị, sinh động, dễ đọc dễ hiểu trong đời sống, mang đến cho trẻ cách nhìn và tư duy đa diện về: học tập, sự tự tin, lòng trung thực, lòng biết ơn, từ đó bồi dưỡng nên những đức tính tốt đẹp, tiếp thu năng lượng tích cực. Ngôn từ trong sách ấm áp, gần gũi, hình ảnh tươi sáng phù hợp với lứa tuổi từ 6 – 12 tuổi, góp phần vun đắp trí tuệ và cảm xúc cho trẻ, biến những lý lẽ thành niềm tin.\r\n\r\nMong rằng bộ sách này sẽ là người bạn tốt giúp trẻ không ngừng tự nâng cao năng lực, từng bước tiến tới thành công!'),
(84, '2021', 'Tiếng Việt', 200, '14 x 20.5cm', 192, 'Bìa mềm', 'Bộ sách 10 cuốn gồm những câu chuyện thú vị, sinh động, dễ đọc dễ hiểu trong đời sống, mang đến cho trẻ cách nhìn và tư duy đa diện về: học tập, sự tự tin, lòng trung thực, lòng biết ơn, từ đó bồi dưỡng nên những đức tính tốt đẹp, tiếp thu năng lượng tích cực. Ngôn từ trong sách ấm áp, gần gũi, hình ảnh tươi sáng phù hợp với lứa tuổi từ 6 – 12 tuổi, góp phần vun đắp trí tuệ và cảm xúc cho trẻ, biến những lý lẽ thành niềm tin.\r\n\r\nMong rằng bộ sách này sẽ là người bạn tốt giúp trẻ không ngừng tự nâng cao năng lực, từng bước tiến tới thành công!'),
(85, '2021', 'Tiếng Việt', 200, '14 x 20.5cm', 192, 'Bìa mềm', 'LINH HOẠT HƠN. KIÊN NHẪN HƠN. LẠC QUAN HƠN. HÃY SỐNG NHƯ NHỮNG CÁI CÂY.\r\nCây cối không có não bộ để suy nghĩ, hay hệ thần kinh tạo cảm xúc, nhưng ta không thể phủ nhận rằng chúng rất thông minh và đáng ngưỡng mộ vô cùng. Sinh trưởng khoẻ mạnh trong những điều kiện khắc nghiệt, lặng lẽ phòng thủ trước các vị khách không mời, hay đơn giản chỉ là cố gắng hết mình để tận hưởng ánh nắng mặt trờ Tất cả đều cho thấy khả năng sinh tồn vô hạn của cây cối. Từ tầm quan trọng của sự kiên trì và sức mạnh của tập thể, đến cách vượt qua sóng gió và đối mặt với các lo toan vụn vặt thường ngày - Hãy quên những người nổi tiếng trên mạng đi! Sự thông thái và cảm hứng cho nguồn hạnh phúc bất tận trong đời sống vẫn luôn ở ngay gần bạn.'),
(86, '2019', 'Tiếng Việt', 400, '13 x 20 cm', 358, 'Bìa mềm', 'Bạn có từng thắc mắc\r\n\r\nGạo sinh ra thế nào?\r\n\r\nĐậu từ đâu có nhỉ?\r\n\r\nNgô sao lớn phổng phao?\r\n\r\n \r\n\r\nNếu thật lòng muốn biết\r\n\r\nMời cùng tớ trồng cây\r\n\r\nTừ hạt mầm bé nhỏ\r\n\r\nĐến ngày trái đầy tay.\r\n\r\nCombo Từ Những Hạt Mầm (Trọn Bộ 5 Quyển) gồm:\r\n\r\nTừ Những Hạt Mầm - Chuột Đồng Mê Lúa\r\nTừ Những Hạt Mầm - Gà Choai Trồng Bắp\r\nTừ Những Hạt Mầm - Kiến Đen Tìm Mè\r\nTừ Những Hạt Mầm - Vườn Đậu Của Giun\r\nTừ Những Hạt Mầm - Hột Điều Của Sóc'),
(87, '2021', 'Tiếng Việt', 200, '14 x 20.5cm', 70, 'Bìa mềm', 'Một quốc gia siêu cường là như thế nào?\r\n\r\nTừ Nước Nga đến Trung Đông, Pakistan, Ấn Độ, Triều Tiên… và nhiều cái tên xa lạ khác bạn muốn biết?\r\n\r\nTại sao chúng ta là “Tù nhân của địa lí”?\r\n\r\nCó phải hiểu về địa lí Trái Đất, là con đường để chúng ta định hình và nhìn nhận những sự kiện đang diễn ra khắp thế giới ?\r\n\r\nNHỮNG TÙ NHÂN CỦA ĐỊA LÝ – KHÁM PHÁ SỰ VẬN HÀNH CỦA THẾ GIỚI QUA NHỮNG TẤM BẢN ĐỒ của Tim Marshall đóng gói tất cả những câu trả lời sáng suốt nhất, độc đáo nhất cho những thắc mắc trên, và nhiều vấn đề khác của địa lí thế giới!\r\n\r\nBằng dẫn chứng khách quan, nhãn quan cá nhân dựa trên sự hiểu biết thấu suốt, thông qua hệ thống bản đồ địa lí rộng khắp năm châu, tác giả đưa người đọc bước vào hành trình khám phá và trải nghiệm lịch sử - chính trị có một không hai.\r\n\r\nTa sẽ hiểu những lựa chọn của các nhà lãnh đạo thế giới bị ảnh hưởng bởi núi non, sông suối, biển hồ ra sao? Tại sao các yếu tố địa lí lại có nghĩa là lịch sử luôn lặp lại?'),
(88, '2020', 'Tiếng Việt', 200, '14 x 20.5cm', 192, 'Bìa cứng', 'Cuốn sách khoa học đáng yêu cho các bạn nhỏ này tập hợp 100 câu hỏi về cuộc sống hàng ngày từ các bạn học sinh trên khắp thế giới gửi đến nhà khoa học Robert Winston. Cuốn sách cho chúng ta thấy sự tò mò chung của trẻ em đối với thế giới xung quanh qua những câu hỏi những thu thập từ trẻ em ở Vương quốc Anh, các nước Châu u khác, Canada, Mỹ, Ấn Độ, Trung Quốc và Nhật Bản. Các câu hỏi xoay quanh những khía cạnh khác nhau của khoa học, bao trùm ở các chủ đề chính gồm cơ thể con người, vật lý, hóa học, không gian, khoa học tự nhiên và Trái Đất.\r\n“Tại sao bầu trời có màu xanh?”, “Tại sao các ngôi sao lấp lánh?’’, “Tại sao nước sủi bọt khi sôi?” hay “Tại sao chúng ta đổ mồ hôi khi vận động?” Trẻ con quan sát thế giới xung quanh và luôn luôn đặt câu hỏi về những băn khoăn của mình. Đây là điều mà người trưởng thành không dễ dàng làm được.\r\n100 câu hỏi là những quan sát thông minh và thú vị của các bạn nhỏ với sự tò mò và óc tưởng tượng phong phú của mình. Tất cả các câu hỏi đều được trả lời rõ ràng và sống động. Siêu nhí hỏi – nhà khoa học trả lời chắc chắn sẽ đem đến một thế giới khoa học đầy niềm vui, hài hước, thú vị, làm thỏa mãn trí tò mò của các nhà khoa học nhí.'),
(89, '2020', 'Tiếng Việt', 200, '16 x 24 cm', 192, 'Bìa cứng', 'Hãy khám phá thế giới cùng cuốn bản đồ khổng lồ đầu tiên ở Việt Nam! Sách gồm 52 tấm bản đồ minh họa sinh động các đặc điểm địa lý và biên giới chính trị, giới thiệu những địa điểm nổi tiếng, những nét đặc trưng, về động vật và thực vật bản địa, về con người địa phương, các sự kiện văn hóa cùng nhiều thông tin hấp dẫn khác.\r\n\r\nĐến với cuốn Bản đồ khổng lồ (27x37cm) gồm 52 tấm bản đồ đầy màu sắc sống động này, các bạn nhỏ sẽ được thỏa sức khám phá thế giới. Có tất cả 6 tấm bản đồ lục địa và 42 bản đồ quốc gia. Châu u có gì, châu Á nổi tiếng vì điều chi, khí hậu ở châu Phi như thế nào? Tất cả những chi tiết nổi bật của từng vùng miền, từng đất nước, như địa danh, trang phục, ẩm thực, lễ hội tập tục truyền thống, v…v… đều được liệt kê bằng những hình vẽ ngộ nghĩnh đáng yêu. Mỗi bản đồ có thống kê sơ bộ về diện tích, dân số, ngôn ngữ… để các bạn nhỏ nắm được thông tin tổng quát của từng đất nước, châu lục. Mỗi nước đều được phân chia thành các vùng địa lý cụ thể với tên vùng được viết mờ, các thành phố lớn trong từng nước được viết bằng màu đỏ nổi bật với chấm đỏ bên cạnh.\r\n\r\nCuốn sách này hứa hẹn sẽ là tấm vé đưa độc giả nhỏ du lịch khắp mọi miền trên thế giới. Các bậc phụ huynh cũng có thể đồng hành cùng con em mình, cùng ngâm cứu từng chi tiết trên mỗi tấm bản đồ, tìm hiểu và bàn luận về các địa phương. Thông qua việc chỉ dẫn, diễn giải cho các con về những thông tin trên bản đồ, đây sẽ là cuốn sách tương tác tốt để bố mẹ kết nối và gần gũi với con mình hơn.'),
(90, '2021', 'Tiếng Việt', 200, '16 x 24 cm', 100, 'Bìa mềm', 'Giúp bé tự tin vào lớp 1- BÉ BƯỚC ĐẦU TẬP VIẾT là cuốn sách được thiết kế và phát hành với mong muốn sẽ giúp các bé lứa tuổi mầm non có những kĩ năng viết cơ bản và đúng đắn nhất. Ba mẹ và các bé sẽ được hướng dẫn luyện chữ và tập viết theo tuần tự từ cơ bản đến phức tạp theo các nét, các chữ cái, và các nhóm nét. Từ đó, các bé sẽ có những khởi đầu vững chắc trong việc luyện chữ.\r\n\r\nBÉ BƯỚC ĐẦU TẬP VIẾT - Chỉn chu và chi tiết ngay từ những bước đầu tiên.\r\n\r\n- Hướng dẫn tư thế ngồi viết, Cách cầm bút đúng cách.\r\n- Tập tô tập viết: Nét cơ bản, Chữ cái, chữ ghép, Chữ số.\r\n\r\nQuyển sách giúp bé:\r\n- Làm quen với các nét chữ viết cơ bản\r\n- Tập tô viết theo những chữ mẫu có sẵn\r\n- Tập tô, tập viết chữ cái, chữ ghép, chữ số'),
(91, '2021', 'Tiếng Việt', 200, '14 x 20.5cm', 192, 'Bìa mềm', 'Việc bắt đầu tập đọc khi bước vào lớp 1 là điều cực kỳ quan trọng đối với bé. Khi bé nắm vững các âm, ghép vần, việc đọc của bé sẽ trở nên tự nhiên, trôi chảy và từ đó dễ dàng tiếp thu với các tri thức mới trong đời sống.\r\n\r\nCuốn sách Luyện đọc cung cấp các từ ngữ, câu văn, đoạn văn, đoạn thơ với nội dung trong sáng, gần gũi, dễ hiểu, dễ nhớ giúp các em rèn kĩ năng đọc cho thông thạo, trôi chảy, diễn cảm và mở rộng vốn từ ngữ\r\n\r\nCuốn sách Luyện đọc sẽ giúp các em học sinh rèn luyện kỹ năng đọc trôi chảy, đọc hiểu câu từ khi bắt đầu môn Tiếng việt.\r\n\r\nHình ảnh rõ nét, màu sắc sinh động bắt mắt sẽ khơi gợi sự hứng thú học tập trong bé'),
(92, '2020', 'Tiếng Việt', 100, '14 x 20.5cm', 48, 'Bìa cứng', 'Hàng trăm năm rồi, các thần lùn sống ở tít ngôi làng phía ngọn cây cao trong rừng sâu, xa xôi cách biệt với những ai sinh sống ở những cánh rừng khác. Và một trận lụt lớn đã đưa các cư dân của rừng gồm Nhím, Chuột sóc, Gõ kiến, Hải ly, Ong nghệ, Quạ… và rất nhiều bạn khác nữa đến ngôi làng này. Từ đó, các cư dân của rừng đã sống quây quần với các vị thần lùn, cùng nhau trải qua biết bao chuyện thăng trầm, thú vị. Có chuyện các bác Rùa đua xe bốn bánh, chuyện cùng bay trên khí cầu với kết cục thảm hại, chuyện đóng tàu ngầm để đi tìm Chìa khóa vàng ở tận đáy ao sâu, và cả chuyện cứu hộ các thần lùn bị lạc trong một trận bão tuyết nữ\r\n\r\nCuốn sách nằm trong bộ Chuyện rừng gồm 4 tập: Cư dân của rừng, Thần lùn, Những ông khổng lồ, Tiên nữ do Peter Holeinone viết lời, Tony Wolf minh họa. Đây là một xứ sở lạ lùng của những cư dân tinh nghịch, các cụ thần lùn láu lỉnh, bác khổng lồ hiền lành và các tiên nữ tốt bụng… Tất cả cộng đồng ấy tạo nên một thế giới sinh động với những tiếng cười hài hước, dí dỏm và vô vàn những điều diệu kì mà chỉ trong bộ Chuyện rừng mới có. Điểm đặc biệt của bộ sách không chỉ nằm ở bốn câu chuyện vui nhộn, ly kỳ, đặc sắc do tác giả Peter Holeinone viết lời mà còn ở những minh họa vô cùng sống động do họa sĩ Tony Wolf vẽ. Những nét vẽ tươi tắn, đầy màu sắc sẽ khiến các bạn đọc nhỏ hứng thú lật giở từng trang sách, dõi theo những chuyến phiêu lưu kỳ thú.'),
(93, '2021', 'Tiếng Việt', 300, '14 x 20.5cm', 256, 'Bìa mềm', 'Đang từ một người làm thơ, Duy Khán chuyển sang văn xuôi. Đang từ một người dễ dãi chạy theo các đề tài thời sự, Duy Khán trở lại với các phần kí ức tuổi thơ và trở nên bền chặt trong tâm trí.\r\n\r\nAnh viết về những người thân trong gia đình. Anh viết về đình làng, về những nấm mộ bên đường, về con mèo, con vện trong nhà. Từ các trang viết, người đọc nghe ra một giọng nói xót xa mà lại đầm ấm. Ngòi bút ấy đang viết cho chính mình.\r\n\r\nNgười ta cảm thấy một phương hướng đúng đã được gợi mở và thành tâm chờ đón lời tâm tình của tác giả. Các nhà văn độc miệng thường nói đùa: Có những cuộc đời dang dở, viết lách chưa được gì, đến mức có nhắm mắt cũng không yên.\r\n\r\nNgược lại, có những tác phẩm viết xong rồi thì người viết có thể xoa tay tựa như làm xong nghĩa vụ với đời. Tuổi thơ im lặng của Duy Khán là thuộc cái dạng tâm huyết như thế.'),
(94, '2021', 'Tiếng Việt', 300, '14 x 20.5cm', 192, 'Bìa mềm', 'PHẦN 1: MƠ VỀ ĐẢO VÀNG\r\n\r\nTại sao lại là khởi nghiệp bán lẻ mà không phải là khởi nghiệp một ngành khác. Điều gì đã làm bán lẻ trở nên hấp dẫn đến vậy?\r\n\r\nLý do thứ nhất: Những tỷ phú hàng đầu thế giới thuộc về ngành bán lẻ.\r\nLý do thứ hai: Bán lẻ là ngành dễ dàng để bắt đầu\r\nLý do thứ ba: Bán lẻ cho dòng tiền mặt đều đặn mỗi ngày\r\nLý do thứ tư: Bán lẻ dễ dàng tự động hóa và kiểm soát từ xa\r\nLý do cuối cùng: Bán lẻ dễ dàng nhân rộng\r\nPHẦN 2: BẢN ĐỒ KHO BÁU\r\n\r\nĐi tìm ý tưởng kinh doanh\r\n\r\nÝ tưởng ở xung quanh bạn. Tuy nhiên, ý tưởng kinh doanh không đến từ việc bạn chỉ ngồi đó và suy nghĩ. Ở phần này, tác giả đã đưa ra lời khuyên, bạn hãy bắt đầu đi tìm những thứ xung quanh mình. Mọi thứ sẽ diễn ra theo đúng mong muốn của bạn khi bạn thực hiện với sự quyết tâm và bền bỉ.\r\n\r\nPHẦN 3: ĐÓNG THUYỀN RA KHƠI\r\n\r\nĐể kinh doanh bán lẻ thành công, không thể thiếu mặt bằng tốt, thiết kế hình ảnh cửa hàng thu hút và quan trọng là tổ chức khai trương sao cho thật đông khách. Ở phần này tác giả sẽ chia sẻ cho bạn những cách thức để có thể thực hiện được những yếu tố trên.\r\n\r\nPHẦN 4: BẮT ĐÚNG MẠCH VÀNG\r\n\r\nKhi đã thu hút được khách đến với cửa hàng, bước tiếp theo bạn cần giữ chân được khách hàng cũ, tìm thêm khách hàng mới. Đó là chìa khóa để phát triển công việc kinh doanh bền vững. Đến với phần này, bạn sẽ nắm bắt được những cách để giữ chân khách hàng của mình.\r\n\r\nPHẦN 5: Ở LẠI CÙNG BIỂN CẢ\r\n\r\nKhông giống như những mô hình kinh doanh khác, bán lẻ sẽ đem lại dòng tiền đều đặn cho bạn. Tuy nhiên, bất cứ mô hình kinh doanh nào cũng sẽ có vòng đời của nó, sẽ đến lúc chúng trở nên suy thoái. Vì vậy, bạn cần mở rộng và liên tục sáng tạo, phát triển.\r\n\r\nDoanh nghiệp sẽ chết đi nếu bạn không chịu thay đổi. Khi phát triển lên nhiều cửa hàng bạn đối diện với nhiều thách thức nhưng đổi lại bạn sẽ có được nhiều thành công hơn.\r\n\r\nCó 2 chiến lược mở rộng hệ thống hiệu quả:\r\n\r\nLặp lại toàn bộ mô hình và thương hiệu đã thành công để xây dựng hệ thống chuỗi bán lẻ\r\nLặp lại phương thức quản lý thành công nhưng với sản phẩm mới, thương hiệu mới để có cửa hàng hiệu quả ở ngành hàn'),
(95, '2021', 'Tiếng Việt', 200, '14 x 20.5cm', 192, 'Bìa mềm', 'Nếu bạn muốn xây dựng một tương lai tốt đẹp hơn, bạn phải tin vào bí mật.\r\n\r\nBí mật lớn nhất của thời đại chúng ta là vẫn còn những lĩnh vực và phát minh mới cần chúng ta khám phá và tạo ra. Trong Không Đến Một, doanh nhân và nhà đầu tư huyền thoại Peter Thiel chỉ cho chúng ta biết cách tìm ra những cách thức độc đáo để tạo ra những thứ mới này.\r\n\r\nThiel bắt đầu bằng một tiền đề nghịch lý là chúng ta đang sống trong giai đoạn trì trệ về công nghệ, thậm chí chúng ta còn bị các thiết bị di động hào nhoáng làm cho sao nhãng. Công nghệ thông tin đã cải thiện nhanh chóng, nhưng không có lý gì mà sự tiến bộ của loài ngoài chỉ nên giới hạn trong lĩnh vực máy tính hay ở Thung lũng Silicon. Chúng ta có thể đạt được sự tiến bộ trong bất cứ ngành nghề hay lĩnh vực kinh doanh nào. Nó xuất phát từ kỹ năng quan trọng nhất mà mọi nhà lãnh đạo phải thuộc nằm lòng: học cách nghĩ cho chính bản thân mình.\r\n\r\nMột Bill Gates của tương lai sẽ không viết nên hệ điều hành máy tính như Microsoft. Một Larry Page hoặc Sergey Brin kế tiếp sẽ không tạo ra cỗ máy tìm kiếm như Google. Và tất nhiên, một Mark Zuckerberg tiếp theo sẽ không tạo ra mạng xã hội như Facebook. Nếu bạn bắt chước họ, bạn sẽ chẳng học được gì từ họ cả.'),
(96, '2021', 'Tiếng Việt', 200, '14 x 20.5cm', 256, 'Bìa mềm', 'Tiền bạc có ở khắp mọi nơi, nó ảnh hưởng đến tất cả chúng ta, và khiến phần lớn chúng ta bối rối. Mọi người nghĩ về nó theo những cách hơi khác nhau một chút. Nó mang lại những bài học có thể được áp dụng tới rất nhiều lĩnh vực trong cuộc sống, như rủi ro, sự tự tin, và hạnh phúc. Rất ít chủ đề cung cấp một lăng kính phóng to đầy quyền lực giúp giải thích vì sao mọi người lại hành xử theo cách họ làm hơn là về tiền bạc. Đó mới là một trong những chương trình hoành tráng nhất trên thế giới.\r\n\r\nChúng ta hiếm khi lâm vào hoàn cảnh nợ ngập đầu ư? Biết tiết kiệm để dành cho lúc khốn khó hơn ư? Chuẩn bị sẵn sàng cho việc nghỉ hưu? Có những cái nhìn thiết thực về mối quan hệ giữa tiền và hạnh phúc của chúng ta hơn phải không?\r\n\r\nChúng ta đều làm những điều điên rồ với tiền bạc, bởi vì chúng ta đều còn khá mới mẻ với trò chơi này và điều có vẻ điên rồ với bạn lại có khi hợp lý với tôi. Nhưng không ai là điên rồ cả – chúng ta đều đưa ra các quyết định dựa trên những trải nghiệm độc đáo riêng có mang vẻ hợp lý với mình ở bất cứ thời điểm nào.\r\n\r\nMục đích của cuốn sách này là sử dụng những câu chuyện ngắn để thuyết phục bạn rằng những kỹ năng mềm còn quan trọng hơn khía cạnh lý thuyết của đồng tiền. Thông qua một tập hợp những thử nghiệm và sai lầm của nhiều năm chúng ta đã học được cách trở thành những nông dân giỏi giang hơn, những thợ sửa ống nước nhiều kỹ năng hơn, và những nhà hóa học tiên tiến hơn. Nhưng liệu việc thử nghiệm và sai lầm có dạy chúng ta trở nên giỏi hơn trong cách quản lý tài chính cá nhân của chính mình không?');
INSERT INTO `chitietsp` (`maSach`, `namXB`, `ngonNgu`, `trongLuong`, `kichThuoc`, `soTrang`, `hinhThuc`, `baiViet`) VALUES
(97, '2021', 'Tiếng Việt', 300, '16 x 24 cm', 192, 'Bìa mềm', 'NÓI CHUYỆN LÀ BẢN NĂNG, GIỮ MIỆNG LÀ TU DƯỠNG, IM LẶNG LÀ TRÍ TUỆ\r\n\r\nTuân Tử nói: “Nói năng hợp lý, đó gọi là hiểu biết; im lặng đúng lúc, đó cũng là hiểu biết”. Ngôn ngữ là thứ có thể thể hiện rõ nhất mức độ tu dưỡng của một người, nói năng hợp lý là một loại trí tuệ, mà im lặng đúng lúc cũng là một loại trí tuệ. Nếu một người không biết giữ miệng, nói mà không suy nghĩ, nghĩ gì nói nấy, tất nhiên rất dễ khiến người khác chán ghét.\r\n\r\nNội dung quyển sách này xoay quanh hai vấn đề đó là “biết cách nói chuyện” và “biết giữ miệng”, thông qua 12 chương sách nói rõ cách nói chuyện với những người khác nhau, cách nói chuyện trong những trường hợp khác nhau, làm thế nào để nắm vững những kỹ năng và chừng mực để nói chuyện cho khôn khéo, những người không giỏi ăn nói làm cách nào mới có thể nói được những lời thích hợp với đúng người và đúng thời điểm, để có thể ứng phó với những trường hợp khác nhau trong giao tiếp.\r\n\r\nNgười biết nói chuyện, ẩn sau con người họ là lòng tốt đã khắc sâu vào xương tủy, là sự tôn trọng đến từ việc đặt mình vào vị trí của người khác, là trí tuệ sâu sắc, độc đáo và lòng kiên nhẫn không ngại phiền hà. Họ chưa hẳn là những người giỏi ăn nói, nhưng mỗi khi nói đều làm người khác như được tắm trong gió xuân, vừa mở miệng là đã toát lên khí chất hơn người.'),
(98, '2020', 'Tiếng Việt', 200, '16 x 24 cm', 256, 'Bìa mềm', 'Tôi, Tương lai & Thế giới ra đời đúng vào thời điểm cần thiết nhất đối với Việt Nam. Môi trường sống của chúng ta, kể cả ở Việt Nam đang thay đổi ở một tốc độ chưa từng có do Cách mạng công nghiệp 4.0 đem lại. Trong sự thay đổi ấy, luật tiến hóa của vạn vật sẽ là tấm lưới chọn lọc những ai tồn tại. Đó không phải người thông minh nhất, cũng không phải người mạnh nhất hay nhanh nhất mà là người có khả năng thích nghi cao nhất.\r\nQua những trải nghiệm trong cuộc sống, tác giả Nguyễn Phi Vân giúp người đọc vượt thời gian và không gian để có một cảm nhận cho những thay đổi hằng ngày trong cuộc sống tương lai mà người đọc có thể không tưởng tượng được, và từ đó rút ra những kinh nghiệm sống và những bài học quý giá mà chúng ta cần phải chuẩn bị để không bị đào thải bởi luật tiến hóa.\r\n\r\nNhư nhà khoa học gia, chính trị gia Benjamin Franklin từng nói: “Thất bại trong chuẩn bị, bạn đang chuẩn bị cho sự thất bại”. Tôi, Tương lai & Thế giới nên là cuốn sách đầu giường cho các bạn trẻ, các nhà giáo dục, kể cả những nhà khởi nghiệp và những người làm chính sách để có sự chuẩn bị và sẵn sàng nắm bắt cơ hội khi cơn sóng thần Cách mạng công nghiệp 4.0 tràn đến.'),
(99, '2022', 'Tiếng Việt', 700, '14 x 20.5cm', 592, 'Bìa mềm', 'Sách Cấp tốc 789+ môn Văn thi tốt nghiệp THPT QG 2022 là trợ thủ đắc lực giúp 2004 ôn thi khối D, C đạt điểm cao.\r\n\r\nSách được chia làm 5 phần:\r\n\r\n- Phần 1: Bí kíp ăn trọn bài đọc hiểu văn bản\r\n\r\n- Phần 2: Phương pháp viết đúng, đủ, hay bài nghị luận xã hội\r\n\r\n- Phần 3: Phương pháp viết hay bài nghị luận văn học\r\n\r\n- Phần 4: Hệ thống chi tiết toàn bộ tác phẩm trọng tâm\r\n\r\n- Phần 5: 10 đề chuẩn cấu trúc thi\r\n\r\nTRỌN BỘ SÁCH CẤP TỐC 789+ 5 MÔN TOÁN, LÍ, HÓA, ANH, VĂN CAM KẾT\r\n\r\n+ Chỉ cung cấp kiến thức trọng tâm, bám sát kiến thức tinh giản không lan man xa đà không đúng mục tiêu điểm số.\r\n\r\n+ Cung cấp bộ câu hỏi chắt lọc nhát với những dạng bài mực độ dễ - khó - cực khó có khả năng xuất hiện trong đề thi.'),
(100, '2022', 'Tiếng Việt', 600, '14 x 20.5cm', 592, 'Bìa mềm', 'Nguồn Gốc Các Loài là tên rút gọn của cuốn sách Về Nguồn Gốc Các Loài Qua Con Đường Chọn Lọc Tự Nhiên, hay Sự Bảo Tồn Những Chủng Ưu Thế Trong Đấu Tranh Sinh Tồn (của Charles Darwin, xuất bản năm 1859). Đây là một cuốn sách khoa học hiếm có khi bán hết 1250 bản in lần đầu trong vòng một ngày và trong một thời gian ngắn đã làm “rung chuyển” cả thế giới. Cuốn sách này là kết quả của những quan sát của Darwin trong chuyến đi gần 5 năm, từ 1831 đến 1836, trên con tàu biển Beagle vòng quanh thế giới, cùng với những suy tư và nghiên cứu của ông trong hai mươi năm sau đó, trong đó ông đặt vấn đề có tính quyết định về biến đổi luận hay sự tiến hóa. Sách của ông đã được xuất bản nhiều lần, sửa đổi, liên tục cập nhật cho đến khi ông mất.\r\n\r\nCharles Robert Darwin (1809-1882) là một nhà nghiên cứu nổi tiếng trong lĩnh vực tự nhiên học. Ông là người đã phát hiện và chứng minh rằng mọi loài đều tiến hóa theo thời gian từ những tổ tiên chung qua quá trình chọn lọc tự nhiên. Nếu như sự tiến hóa được cộng đồng các nhà khoa học và công chúng chấp nhận ở thời đại Darwin, thì lý thuyết chọn lọc của ông trong những năm 1930 được xem như lời giải thích chính yếu cho quá trình này, và ngày nay đã trở thành nền tảng cho lý thuyết tiến hóa hiện đại. Khám phá này là lý thuyết thống nhất cho các ngành khoa học sinh vật, có thể đưa ra lời giải thích duy lý cho sự đa dạng loài.'),
(105, '2021', 'Tiếng Việt', 400, '14 x 20.5cm', 358, 'Bìa mềm', 'Công việc làm Pháp chế tại Doanh nghiệp, gồm doanh nghiệp trong nước, doanh nghiệp nước ngoài kinh doanh tại Việt Nam, doanh nghiệp có vốn nước ngoài, doanh nghiệp nhà nước, đang là công việc tuyển dụng Cử Nhân Luật nhiều nhất hiện nay, và cũng đang là công việc có thu nhập hấp dẫn nhất cho các Cử Nhân Luật mới tốt nghiệp, mới đi làm.'),
(106, '2021', 'Tiếng Việt', 200, '14 x 20.5cm', 192, 'Bìa mềm', 'Cuốn sách Lời giải bài tập Python cơ bản của Thầy Bùi Việt Hà hiện đã có mặt tại Tủ sách CS4S.\r\n\r\nCuốn sách này bao gồm lời giải, đáp số, chương trình, hướng dẫn chi tiết  cho tất cả 354  bài tập của cuốn PYTHON_CƠ_BẢN đã được phát hành lần trước.\r\n\r\n- Bài tập của các chương sẽ được đánh số theo chương và số thứ tự bài.\r\n\r\n- Chương trình chi tiết giải một bài tập cụ thể sẽ luôn ghi rõ tên bài được giải ngay tại dòng đầu tiên của chương trình.\r\n\r\n- Trong sách chúng ta có thể phân biệt rõ ràng khuôn dạng thể hiện văn bản khác nhau giữa đề bài.\r\n\r\nPython là ngôn ngữ lập trình bậc cao khá dễ học, rất phù hợp để  học và dạy trong nhà trường phổ thông, vì thế Python sẽ đóng vai trò rất lớn trong môn Tin học, thời gian tới Python dự kiến sẽ được đưa vào Chương trình tin học lớp 10 trong Chương trình môn Tin học mới.\r\n\r\nPython là ngôn ngữ lập trình hiện được sử dụng nhiều nhất trong nghiên cứu và ứng dụng công nghệ mới hiện nay như Trí tuệ nhân tạo AI, In ternet vạn vật IoT, tính toán với số lớn (Big Data).\r\n\r\nHi vọng Bộ sách về Python cơ bản bao gồm lý thuyết, bài tập và lời giải sẽ có ích cho các Thầy cô giáo và học sinh trong việc tiếp cận nhanh đến ngôn ngữ lập trình hay và bổ ích này.'),
(107, '2021', 'Tiếng Việt', 200, '14 x 20.5cm', 256, 'Bìa mềm', 'Sách giới thiệu tổng quan về chẩn đoán lỗi xe ô tô, kỹ thuật chẩn đoán lỗi xe ô tô. Tìm hiểu nguyên nhân gây ra lỗi xe ô tô, phân loại lỗi xe ô tô, phương pháp chẩn đoán lỗi xe ô tô cũng như quy trình và những nhân tố ảnh hưởng đến tính chính xác trong chẩn đoán lỗi xe ô tô… Đưa ra những cách xử lý, khắc phục sự cố trong quá trình chẩn đoán lỗi, cũng như những kinh nghiệm, bài học sâu sắc từ thực tiễn trong quy trình chẩn đoán và sửa chữa xe ô tô.'),
(108, '2021', 'Tiếng Việt', 300, '14 x 20.5cm', 256, 'Bìa mềm', 'Sử là sách không những là chỉ để ghi chép những công việc đã qua mà thôi, nhưng lại phải suy xét việc gốc ngọn, tìm tòi cái căn nguyên những công việc của người ta đã làm để hiểu cho rõ những vận hội trị loạn của một nước, những trình độ tiến hóa của một dân tộc. Chủ đích là để làm cái gương chung cổ cho người cả nước được đời đời soi vào đấy mà biết cái sự sinh hoạt của người trước đã phải lao tâm lao lực những thế nào, mới chiếm giữ được cái địa vị ở dưới bóng mặt trời này…\r\n\r\n… Nay nhân sự học ở nước ta đã thay đổi, chữ quốc ngữ đã phổ thông cả trong nước, chi bằng ta lấy tiếng nước nhà mà kể chuyện nước nhà, ta soạn ra bộ “Việt Nam sử lược”, xếp đặt theo thứ tự, chia ra từng thời đại, đặt thành chương, thành mục rõ ràng, để ai cũng có thể xem được sử, ai ai cũng có thể hiểu được chuyện, khiến cho sự học sử của người mình được tiện lợi hơn trước'),
(109, '2021', 'Tiếng Việt', 200, '14 x 20.5cm', 256, 'Bìa mềm', 'Nuôi lợn là một nghề sản xuất truyền thống, giữ vị trí quan trọng thứ nhất trong tổng giá trị sản xuất của ngành chăn nuôi ở nước ta. Để có thể phát triển bền vững trong tương lai, chúng ta đã và đang từng bước chuyển đổi từ chăn nuôi nhỏ lẻ, phân tán sang phát triển chăn nuôi tập trung theo\r\nmô hình trang trại, gia trại. Duy trì chăn nuôi nông hộ nhưng theo hình thức công nghiệp và ứng dụng công nghệ cao, khuyến khích tổ chức sản xuất khép kín, có quy hoạch vùng chăn nuôi, gắn sản xuất với giết mổ, chế biến và thị trường tiêu thụ.\r\nĐể góp phần vào sự đổi mới và phát triển của nghề nuôi lợn nước ta, tăng thêm nguồn tài liệu tham khảo cho cán bộ kỹ thuật, người chăn nuôi chúng tôi biên soạn cuốn kỹ thuật nuôi lợn và phòng trị bệnh. Nội dung của sách cung cấp những kiến thức cơ bản về:\r\n- Đặc điểm sinh học của lợn. - Các giống lợn. - Chuồng trại nuôi lợn. - Kỹ thuật nuôi lợn nái sinh sản.\r\n- Kỹ thuật nuôi lợn thịt.\r\nXin trân trọng giới thiệu!'),
(110, '2021', 'Tiếng Việt', 300, '14 x 20.5cm', 256, 'Bìa mềm', 'Dùng chính đôi tay để chăm sóc sức khỏe bản thân!\r\n\r\nĐây là cuốn sách nhập môn hoàn hảo giới thiệu 12 huyệt đạo chủ chốt trong việc điều trị các tình trạng và bệnh lý thông thường theo nguyên tắc của y dược Trung Hoa.\r\n\r\nSau khi có cái nhìn tổng quan sơ lược về hệ thống kinh mạch trong cơ thể, thêm vào đấy là các hướng dẫn rất dễ thực hiện về các kỹ thuật mát xa khác nhau bạn sẽ được giới thiệu lần lượt 12 huyệt đạo và cách thức vận dụng chúng như thế nào trong việc điều trị các loại bệnh từ đau đầu, đau thần kinh tọa và suy nhược cho tới chứng mất ngủ, say tàu xe và thậm chí là cả viêm họng!\r\n\r\nCuốn sách có hình minh họa rõ ràng xuyên suốt toàn bộ nội dung và kèm theo các mẹo về điều trị bổ sung vô cùng hữu ích.\r\n\r\nBấm huyệt là kỹ thuật tự mát-xa phối hợp nguyên lý y học cổ truyền Trung Hoa (Đông y). Dựa trên kỹ thuật bấm kích thích bằng tay các điểm năng lượng hay các huyệt châm cứu, người ta có thể mô tả nôm na phương pháp bấm huyệt này như một phiên bản châm cứu bằng tay trong Đông y.'),
(112, '2022', 'Tiếng Việt', 200, '14 x 20.5cm', 192, 'Bìa mềm', 'Để trả giá cho niềm thân mật, chúng ta đánh mất khoái lạc. Ai càng thân thuộc lại càng khiến bạn khó hoang dại. Tình yêu đòi hỏi sự gần gũi, nhưng ham muốn lại cần khoảng cách.\r\n\r\nNhững lý giải của Esther Perel – nhà tâm lý học trị liệu với gần 30 năm kinh nghiệm –trong cuốn sách “Trí thông minh trên giường” sẽ dẫn bạn bước vào một mê cung quyến rũ, đam mê và thần bí về tâm lý tình dục.'),
(113, '2021', 'Tiếng Việt', 100, '14 x 20.5cm', 192, 'Bìa mềm', 'Trong những ngày đông giá lạnh. Cùng bạn bè, người thân quây quần bên nồi lẩu, bát canh, súp nóng, vừa nhâm nhi vừa kể chuyện thật ấm áp và thú vị. Không cần phải đến nhà hàng bạn mới có thể thưởng thức những món ăn ngon. Chỉ cần một chút thời gian, và khéo léo thực hiện theo bí quyết từ Món Ăn Việt Nam - Canh, súp, lẩu bạn sẽ có được món ăn ngon và vui vẻ.'),
(114, '2021', 'Tiếng Việt', 200, '14 x 20.5cm', 256, 'Bìa mềm', 'Một số người trời ban cho làn da đẹp, nhưng không nhiều người may mắn như vậy. Dù da đẹp hay không đẹp, dù da mịn màng, trắng sáng hay nhiều mụn, xỉn màu, những làn da ấy đều cần một quy trình dưỡng da chuẩn mực.\r\n\r\nDa bạn sẽ đủ sức chống lại tác động không thể tránh của thời gian, giảm được sự xuất hiện của mụn, tàn nhang, thâm, nám, nếp nhăn, và thậm chí là ung thư da, điều đó có thể phụ thuộc vào quá trình chăm sóc da của bạn.Với hơn 10 năm kinh nghiệm trong ngành chăm sóc da và làm đẹp cũng như khoa học đại chúng, bác sĩ Binh Han – tác giả cuốn sách – thấy rằng mặc dù ai cũng muốn có một làn da khỏe đẹp và hoàn hảo, có người nói rằng họ rất đam mê chăm sóc da, nhưng chúng thường phản tác dụng. Da của nhiều người thoạt đầu không xấu nhưng do không hiểu cơ bản về sinh lý da, không chọn và sử dụng sản phẩm chăm sóc da đúng cách nên da ngày càng xấu đi. Một số người chỉ gặp những vấn đề nhỏ nhưng họ “chăm sóc”quá mức làm “da trở nên tồi tệ hơn. Nguyên nhân là do họ biết quá ít kiến thức cơ bản về da và cách chăm sóc da – sa đà vào những bao bì tinh vi, quảng cáo bắt mắt, quy trình trùng lặp mà bỏ qua những kiến thức, kỹ năng cơ bản, đơn giản và hiệu quả nhất.'),
(115, '2021', 'Tiếng Việt', 200, '14 x 20.5cm', 127, 'Bìa mềm', 'Bạn muốn có một cuộc sống bình an, không bệnh tật, không ốm đau, sống vui vẻ, an nhiên? Bạn muốn có một gia đình hạnh phúc, vợ chồng con cái đầm ấm bên nhau, mỗi sớm mỗi trưa cùng quây quần bên mâm cơm ấm áp tiếng cười đùa?\r\n\r\nĐơn giản lắm, bạn hãy làm cho bàn tay, khối óc và trái tim mình linh hoạt. Đó là chọn cho gia đình mình một cuộc sống có cách sinh hoạt khoa học nhất, phù hợp nhất và đặc biệt là một cuộc sống với tấm lòng rộng mở, bao dung với muôn loài. Trong đó, việc ăn uống phù hợp chính là cách để bạn hâm nóng cũng như kết nối những trái tim của mọi thành viên trong gia đình một cách có ý nghĩa nhất. Và ăn chay là một trong những phương pháp tối ưu để đem lại an lạc, hạnh phúc cho mình và mọi người.'),
(116, '2021', 'Tiếng Việt', 200, '14 x 20.5cm', 192, 'Bìa mềm', 'Không phải cuốn sách nói về triết học hay Phật giáo, cũng không hẳn là tự truyện được kể bởi một triệu phú, dù đó là nhân vật chính, Hoa sen trên tuyết là hành trình tìm kiếm bản thân của rất nhiều người. Chỉ để trả lời cho câu hỏi: Câu trả lời đích thực về ý nghĩa cuộc sống là gì?\r\n\r\nTrên nền câu chuyện cuộc đời của nhân vật có thật, triệu phú Alan Havey, Hoa sen trên tuyết gieo vào độc giả nhiều điều phải nghĩ. Xuất thân từ một gia đình nghèo ở Mỹ và hiểu rõ giá trị của đồng tiền. Alan Havey đã nỗ lực rất nhiều để làm việc, học tập và đạt được những thành công nhất định: biệt thự lộng lẫy bên bờ Michigan, căn nhà nghỉ mát trên núi Mt Vernon, du thuyền, tài khoản kếch xù trong ngân hàng và một cô vợ đẹp như diễn viên điện ảnh… Cuộc sống đầy đủ cứ thế diễn ra cho tới khi những biến cố lần lượt đến trong cuộc đời: ông phát hiện bị ung thư; một số khoản đầu tư bị thua lỗ và sự nghiệp của ông có chiều hướng đi xuống. Và, người vợ - cũng là niềm tự hào của ông với mọi người đòi ly hôn để chia tài sản…\r\n\r\nTại sao ông lại phải gánh chịu những việc như vậy trong khi ông đã dành phần lớn thời gian, công sức của mình để làm việc và nỗ lực? Ông để vợ ông có cuộc sống tốt nhất nhưng cuối cùng ông vẫn bị bỏ rơi với hàng loạt cáo buộc? Thực sự, sống tốt, sống lành là tốt hay không? Câu trả lời  rằm ở hành trình ông rời bỏ những bế tắc, theo lời khuyên của một người bạn, để thực hiện một chuyến du lịch “không mục đích” đến Dharamsala - nơi Đức Đạt Lai Lạt Ma và hàng chục nghìn người Tây Tạng đang tị nạn'),
(117, '2021', 'Tiếng Việt', 200, '14 x 20.5cm', 192, 'Bìa mềm', 'Bốn Mùa Chân Bước, Nghìn Dặm Nước Anh là câu chuyện về hành trình du học của Hoài Sa trong suốt một năm đến Anh theo học bổng Chevel. Câu chuyện được kể theo bốn mùa với những cảm xúc chân thật nhưng cũng không kém phần dí dỏm, hài hước theo kiểu phớt “Ăng-lê”.\r\n\r\nTheo dấu bước chân tác giả, bạn sẽ được dịp khám phá nhiều điều lý thú ở nước Anh, không chỉ trên giảng đường mà còn đời sống, sinh hoạt, các mối quan hệ bạn bè, kể cả những chuyện rất thời sự như khủng bố, Brexit. Bạn sẽ thấy có một nước Anh cổ kính mà cũng rất hiện đại, lạ lùng mà cũng rất gần gũi, quy cách mà cũng rất hào sảng. Đó là nước Anh với những ga tàu điện ngầm rối rắm, những cái tên rất quái, hay những mã bưu điện không thể thiếu nếu muốn tìm được nhà ở Anh,...; nước Anh của những ngôi trường cổ kính, những quả đồi thơ mộng; nước Anh của lần say nắng cô bạn học; nước Anh của một lần đến nhưng ghi dấu mãi mãi…\r\n\r\nCó một nước Anh thế đấy, chí ít trong mắt Hoài Sa.'),
(118, '2021', 'Tiếng Việt', 200, '14 x 20.5cm', 192, 'Bìa mềm', 'Bộ sách Kể chuyện cuộc đời các thiên tài gồm 10 cuốn, trong đó mỗi cuốn sách là một câu chuyện khắc họa sinh động cuộc đời, quá trình sáng tạo cùng những đóng góp to lớn của những con người vĩ đại làm thay đổi cả thế giới. Đó là Alfred Nobel, nhà khoa học có tấm lòng cao cả khi dành phần lớn tài sản của mình sáng lập ra giải thưởng Nobel danh giá. Là thiên tài toàn năng Leonardo Da Vinci, con người cùng lúc đam mê cả nghệ thuật và khoa học với năng lượng sáng tạo khôn cùng. Là nhà văn Andersen với những câu chuyện cổ tích đi vào tiềm thức của bao thế hệ tuổi thơ. Là nhà vật lý Issac Newton, Albert Einstein với sự lao động không biết mệt mỏi đã mang đến những phát minh làm thay đổi đời sống, những quan niệm của toàn nhân loại…\r\n\r\nTừ câu chuyện cuộc đời các vĩ nhân, bạn đọc đặc biệt là các em nhỏ sẽ rút ra được những bài học bổ ích về nhân sinh quan, giá trị quan, thế giới quan, về những quan niệm giáo dục, về cuộc sống, về bài học thành công quý giá trên đường đời.\r\n\r\nVới lối viết dung dị, truyền cảm, giàu chất văn học, bộ sách sẽ đưa các em học sinh đến với những chân trời kiến thức đầy hấp dẫn và lý thú.\r\n\r\nHi vọng bộ sách sẽ là người hướng dẫn, người bạn giúp các em học sinh vươn tới những ước mơ cao đẹp, hoài bão lớn lao, làm cho cuộc sống trên hành tinh của chúng ta ngày một tốt đẹp hơn. Trọn bộ sách gồm 10 cuốn:'),
(119, '2021', 'Tiếng Việt', 200, '14 x 20.5cm', 192, 'Bìa mềm', 'Thông thường, người ta có thể nhịn ăn trong vài tuần, nhịn uống trong vài ngày, nhưng nhịn thở trong vài phút là không chịu được. Tất cả các hiện tượng của sự sống đều gắn liền với các quá trình cung cấp oxy cho tế bào và loại khí các-bô-ních thì cũng do máu đưa từ tế bào ra phổi để thải ra ngoài. Như vậy, muốn có sự trao đổi khí bên trong được tốt, cần phải thở cho tốt.\r\nKhi còn là bào thai trong bụng mẹ, chính bà mẹ đã thở hộ đứa con chưa chào đời. Nhưng khi “lọt lòng” sau khi cuống nhau bị cắt, tách rời khỏi mẹ và sau khi nồng độ khí các-bô-ních trong máu tăng, trung tâm hô hấp bắt đầu khởi động: lần đầu tiên đứa trẻ khóc lên một tiếng. Chào đời cũng là lần đầu tiên hai lá phổi nở ra và từ giây phút này hô hấp của nó đã tự phát cho đến hơi thở cuối cùng. Và cũng từ đây, nói theo ý của một nhà sinh lý học phương Tây, sợi nhau (cordon OMbilica) từng đưa chất sống nuôi thai, sau khi bị cắt đi, liền được thay thế bởi sợi khí (cordon air) đem chất sống của vũ trụ cho con người. Sợi khí đó, tức hơi thở phải luôn được chăm sóc, bảo vệ, nuôi dưỡng, duy trì, đó là yêu cầu tất yếu của sự sống.'),
(120, '2020', 'Tiếng Việt', 200, '14 x 20.5cm', 192, 'Bìa mềm', 'Việc dạy cờ vua cho trẻ từ 3 tuổi có thể giúp các bé rèn luyện khả năng tập trung, kích thích não bộ, rèn luyện khả năng ghi nhớ và bồi dưỡng khả năng phát triển ngôn ngữ. Thông qua việc học và chơi cờ vua, não bộ của bé sẽ tương tác với môi trường xung quanh và nhạy cảm hơn trong việc kích hoạt các kĩ năng cần thiết, hỗ trợ tích cực cho việc phát triển và học tập sau này.\r\n\r\nVới thiết kế nội dung thông minh, cuốn đầu tiên dành cho các bé 3 tuổi bắt đầu làm quen với môn cờ vua, cuốn thứ hai phát triển sâu hơn các kĩ năng bé đã có và cuốn thứ 3 như một cuốn cẩm nang dành cho mọi người tìm hiểu sâu hơn về môn cờ vua trên nền kiến thức cơ bản sẵn có.');

-- --------------------------------------------------------

--
-- Table structure for table `danhmuc`
--

CREATE TABLE `danhmuc` (
  `maDM` int(11) NOT NULL,
  `tenDM` varchar(30) NOT NULL
) ENGINE=InnoDB DEFAULT CHARSET=utf8;

--
-- Dumping data for table `danhmuc`
--

INSERT INTO `danhmuc` (`maDM`, `tenDM`) VALUES
(1, 'Văn học'),
(2, 'Thiếu nhi'),
(3, 'Kinh tế'),
(4, 'Kỹ năng sống'),
(5, 'Giáo khoa - Tham khảo'),
(6, 'Sách chuyên ngành'),
(7, 'Gia đình'),
(8, 'Văn hóa - Du lịch'),
(9, 'Thể thao - Giải trí'),
(10, 'Báo - Tạp chí');

-- --------------------------------------------------------

--
-- Table structure for table `donhang`
--

CREATE TABLE `donhang` (
  `maDH` int(11) NOT NULL,
  `maKH` int(11) DEFAULT NULL,
  `giatri` int(11) NOT NULL,
  `tenNMua` varchar(50) NOT NULL,
  `sdt` int(11) NOT NULL,
  `diachi` varchar(255) NOT NULL,
  `ghichu` varchar(255) NOT NULL,
  `sta` varchar(10) NOT NULL
) ENGINE=InnoDB DEFAULT CHARSET=utf8;

--
-- Dumping data for table `donhang`
--

INSERT INTO `donhang` (`maDH`, `maKH`, `giatri`, `tenNMua`, `sdt`, `diachi`, `ghichu`, `sta`) VALUES
(1, 1, 590000, 'Nguyễn Khánh Văn', 123456789, 'Ninh Kiều, Cần Thơ', 'Đơn hàng thử nghiệm', 'cancer'),
(2, 1, 247500, 'Nguyễn Khánh Văn', 123456789, 'CT', 'Thử ngiệm', 'success'),
(3, 1, 67500, 'Khanh Van', 1234567777, 'Ninh kiều', '', 'success'),
(4, 1, 236700, 'Nguyễn Khanh Khanh', 77777777, 'Ha Noi', 'TEST', 'dilivery'),
(5, 1, 40500, 'Nguyễn Khánh Văn', 123456789, 'Xuân Khánh,Ninh Kiều', 'Thử nghiệm', 'new'),
(6, 2, 90000, 'Khánh Văn Nguyễn', 987654321, 'Đồng Tháp', '', 'new');

-- --------------------------------------------------------

--
-- Table structure for table `khachhang`
--

CREATE TABLE `khachhang` (
  `maKH` int(11) NOT NULL,
  `hoten` varchar(50) NOT NULL,
  `avatar` varchar(50) NOT NULL,
  `taikhoan` varchar(40) NOT NULL,
  `matkhau` varchar(40) NOT NULL,
  `email` varchar(50) NOT NULL,
  `sdt` varchar(12) NOT NULL
) ENGINE=InnoDB DEFAULT CHARSET=utf8;

--
-- Dumping data for table `khachhang`
--

INSERT INTO `khachhang` (`maKH`, `hoten`, `avatar`, `taikhoan`, `matkhau`, `email`, `sdt`) VALUES
(1, 'Nguyễn Khánh Văn', 'user1.png', 'khanhvan', '123', 'khanhvan@gmail.com', '0123456789'),
(2, 'Khánh Văn Nguyễn', 'user2.jpg', 'vankhanh', '12345678', 'khanhvan@outlook.com', '0987654321');

-- --------------------------------------------------------

--
-- Table structure for table `loaisach`
--

CREATE TABLE `loaisach` (
  `maLoai` int(11) NOT NULL,
  `tenLoai` varchar(30) NOT NULL,
  `maDM` int(11) DEFAULT NULL
) ENGINE=InnoDB DEFAULT CHARSET=utf8;

--
-- Dumping data for table `loaisach`
--

INSERT INTO `loaisach` (`maLoai`, `tenLoai`, `maDM`) VALUES
(1, 'Tiểu thuyết - Truyện dài', 1),
(2, 'Truyện tranh', 2),
(3, 'Truyện ngắn - Tản văn', 1),
(4, 'Tác giả - Tác phẩm', 1),
(5, 'Phóng sự - Ký sự', 1),
(6, 'Thơ ca', 1),
(7, 'Đạo đức - Kỹ năng', 2),
(8, 'Kiến thức bách khoa', 2),
(9, 'Tô màu - Luyện chữ', 2),
(10, 'Truyện cho bé', 2),
(11, 'Nhân vật - Bài học KD', 3),
(12, 'Khởi nghiệp, làm giàu', 3),
(13, 'Tài chính - Nhân lực', 3),
(14, 'Nghệ thuật sống đẹp', 4),
(15, 'Kỹ năng mềm', 4),
(16, 'Sách giáo khoa', 5),
(17, 'Sách tham khảo', 5),
(18, 'Đại học', 5),
(19, 'Chính trị - Pháp lý', 6),
(20, 'Công nghệ thông tin', 6),
(21, 'Cơ khí - Kỹ thuật', 6),
(22, 'Lịch sử - Địa lý', 6),
(23, 'Nông - Lâm - Ngư nghiệp', 6),
(24, 'Y học', 6),
(26, 'Nuôi dạy con', 7),
(27, 'Nấu ăn - Dinh dưỡng', 7),
(28, 'Làm đẹp - Thời trang', 7),
(29, 'Thủ công - Thường thức', 7),
(30, 'Văn hóa - Xã hội', 8),
(31, 'Du lịch', 8),
(32, 'Thể dục - Thể thao', 9),
(33, 'Giải trí', 9),
(34, 'Báo - Tạp chí', 10);

-- --------------------------------------------------------

--
-- Table structure for table `sach`
--

CREATE TABLE `sach` (
  `maSach` int(11) NOT NULL,
  `tenSach` varchar(100) NOT NULL,
  `anhSach` varchar(100) NOT NULL,
  `donGia` int(11) NOT NULL,
  `soLuong` int(11) NOT NULL,
  `tenTG` varchar(100) NOT NULL,
  `tenNXB` varchar(100) NOT NULL,
  `maLoai` int(11) DEFAULT NULL,
  `sta` varchar(10) NOT NULL
) ENGINE=InnoDB DEFAULT CHARSET=utf8;

--
-- Dumping data for table `sach`
--

INSERT INTO `sach` (`maSach`, `tenSach`, `anhSach`, `donGia`, `soLuong`, `tenTG`, `tenNXB`, `maLoai`, `sta`) VALUES
(1, 'Nữ Sinh', 'nu_sinh_nna.jpg', 55000, 200, 'Nguyễn Nhật Ánh', 'NXB Trẻ', 1, 'default'),
(2, 'Buổi Chiều Windows', 'buoi_chieu_windows_nna.jpg', 70000, 200, 'Nguyễn Nhật Ánh', 'NXB Trẻ', 1, 'default'),
(3, 'Chú Bé Rắc Rối', 'chu_be_rac_roi_nna.jpg', 60000, 200, 'Nguyễn Nhật Ánh', 'NXB Trẻ', 1, 'default'),
(4, 'Lá Nằm Trong Lá', 'la_nam_trong_la_nna.jpg', 80000, 200, 'Nguyễn Nhật Ánh', 'NXB Trẻ', 1, 'default'),
(5, 'Hạ Đỏ', 'ha-do-nna.jpg', 60000, 200, 'Nguyễn Nhật Ánh', 'NXB Trẻ', 1, 'default'),
(6, 'Bong Bóng Lên Trời', 'bong-bong-len-troi_nna.jpg', 58000, 25, 'Nguyễn Nhật Ánh', 'NXB Trẻ', 1, 'hot'),
(7, 'Trước Vòng Chung Kết', 'truoc_tran_ck_nna.jpg', 75000, 199, 'Nguyễn Nhật Ánh', 'NXB Trẻ', 1, 'default'),
(8, 'Mắt Biếc', 'mat_biec_nna.jpg', 110000, 2, 'Nguyễn Nhật Ánh', 'NXB Trẻ', 1, 'coming'),
(9, 'Tôi Thấy Hoa Vàng Trên Cỏ Xanh', 'tthvtcx-nna.jpg', 100000, 177, 'Nguyễn Nhật Ánh', 'NXB Trẻ', 1, 'hot'),
(10, 'Kính Vạn Hoa Tập 1', 'kinh_van_hoa_t1_nna.jpg', 69000, 200, 'Nguyễn Nhật Ánh', 'NXB Kim Đồng', 1, 'default'),
(11, 'Kính Vạn Hoa Tập 2', 'kinh_van_hoa_t2_nna.jpg', 69000, 200, 'Nguyễn Nhật Ánh', 'NXB Kim Đồng', 1, 'default'),
(12, 'Thám Tử Lừng Danh Conan - Tập 99', 'conal-99.jpg', 20000, 200, 'Gosho Aoyama', 'NXB Kim Đồng', 2, 'default'),
(13, 'Thám Tử Lừng Danh Conan - Tập 97', 'conal-97.jpg', 20000, 200, 'Gosho Aoyama', 'NXB Kim Đồng', 2, 'default'),
(14, 'Doraemon: Ngôi Nhà Nhỏ Trên Núi Băng To', 'doraemon-ngoi-nha-nho.png', 39000, 200, 'Fujiko F Fujio', 'NXB Kim Đồng', 2, 'default'),
(15, 'Doraemon: Chú Khủng Long Của Nobita', 'doraemon-chu-khung-long.png', 39000, 200, 'Fujiko F Fujio', 'NXB Kim Đồng', 2, 'default'),
(16, 'Doraemon: Nobita Và Nước Nhật Thời Nguyên Thủy', 'doraemon-nuoc-nhat.jpg', 50000, 200, 'Fujiko F Fujio', 'NXB Kim Đồng', 2, 'coming'),
(17, 'Doraemon: Nobita Và Vương Quốc Trên Mây', 'doraemon-vq-tren-may.png', 45000, 196, 'Fujiko F Fujio', 'NXB Kim Đồng', 2, 'hot'),
(18, 'Người Lạ Bên Bờ Biển', 'nguoi_la_ben_bo_bien.jpg', 85000, 200, 'Kii Kanna', 'NXB Hà Nội', 2, 'default'),
(19, 'Thám Tử Kindaichi (Boxset 5 Tập)', 'tham_tu_kindaichi.png', 170000, 200, 'Seimaru Amagi, Fumiya Sato', 'NXB Trẻ', 2, 'default'),
(20, 'Số đỏ', 'so_do.png', 55000, 200, 'Vũ Trọng Phụng', 'NXB Văn Học', 1, 'hot'),
(21, 'Tắt đèn', 'tat_den.jpg', 50000, 200, 'Ngô Tất Tố', 'NXB Văn Học', 1, 'coming'),
(22, 'AI Chứ Không Phải Thế Nào?', 'aichukhongphaithenao.jpg', 233160, 20, 'Dan Sullivan', 'NXB Thế giới', 11, 'coming'),
(23, '7 Phương Pháp Đầu Tư Warren Buffet', '7ppwarrenbufffelt.jpg', 139000, 56, 'Mary Buffett, Sean Seah', 'NXB Công Thương', 11, 'hot'),
(24, '12 Quy Tắc Lãnh Đạo Từ Seal', '12quytactusell.jpg', 186000, 98, 'Jocko Willink, Leif Babin', 'NXB Thế Giới', 11, 'default'),
(25, 'Andrew Carnegie - Từ Cậu Bé Nghèo Trở Thành Ông Vua Thép Của Nền Công Nghiệp Mỹ', 'andrewCarnegie.jpg', 139000, 90, 'Samuel Bostaph', 'NXB Đại học Kinh tế quốc dân', 11, 'default'),
(26, 'Bí Mật Của Phan Thiên Ân', 'Bimatphamthienan.jpg', 70000, 81, 'Alan Phan', 'NXB Thế Giới', 11, 'hot'),
(27, 'Binh Pháp Tôn Tử Và Nghệ Thuật Kiếm Tiền', 'binhphaptontu.jpg', 75000, 234, 'Michael M K Cheung', 'NXB Thanh Hóa', 11, 'default'),
(28, 'Đánh Bại Phố Wall', 'danhbaifowall.jpg', 219000, 87, 'Peter Lynch, John Rothchild', 'NXB Lao Động', 11, 'default'),
(29, 'Google - Cách Quản Trị Một Công Ty Sáng Tạo', 'google.jpg', 140000, 12, 'Eric Schmidt, Jonathan Rosenberg, Alan Eagle', 'NXB Trẻ', 11, 'coming'),
(30, 'Không Sợ Chậm Chỉ Sợ Dừng', 'b502c436b2a4d3132804155a778cd798.jpg', 100000, 234, 'Huỳnh Nhã Thy', 'Nhà Xuất Bản Thế Giới', 14, 'coming'),
(31, 'Nói Chuyện Là Bản Năng, Giữ Miệng Là Tu Dưỡng, Im Lặng Là Trí Tuệ', 'inlanglatritue.jpg', 95000, 23, 'Trương Tiêu Hàn', 'Nhà Xuất Bản Thanh Niên', 14, 'default'),
(32, 'Keanu Reeves - Ma Trận Cuộc Đời', 'reanuReeves.jpg', 113000, 98, 'Marc Shapiro', 'Nhà Xuất Bản Dân Trí', 14, 'hot'),
(33, 'Dòng Chảy', 'dongchay.jpg', 150000, 344, 'Mihaly Csikszentmihalyi', 'Nhà Xuất Bản Dân Trí', 14, 'default'),
(34, 'Lối Sống Tối Giản Của Người Nhật', 'loisongngnhat.jpg', 90000, 162, 'Sasaki Fumio', 'Nhà Xuất Bản Lao Động', 14, 'coming'),
(35, 'Người Bà Tài Giỏi Vùng Saga', 'knsd1.jpg', 80000, 291, ' Yoshichi Shimada', 'Nhà Xuất Bản Thanh Niên', 14, 'default'),
(36, 'Sống Chậm Lại Nghĩ Khác Đi Yêu Thương Nhiều Hơn', 'knds2.jpg', 90000, 23, 'Dương Tổ Như', 'Nhà Xuất Bản Thanh Niên', 14, 'hot'),
(39, 'Bài Học Diệu Kỳ Từ Chiếc Xe Rác', 'knsd3.jpg', 75000, 129, 'David J.Pollay', 'Nhà Xuất Bản Đại Học Quốc Gia TP.HCM', 14, 'default'),
(40, 'Thiên Tài Bên Trái, Kẻ Điên Bên Phải', '6a6e9ccf4adf23c2c40463cc29563051.jpg', 165000, 100, 'Cao Minh', 'Nhà Xuất Bản Thế Giới', 3, 'default'),
(41, 'Bước Chậm Lại Giữa Thế Gian Vội Vã (Tái Bản)', '2f70de3ea7eec9c34f55e402254e27ed.jpg', 85000, 99, 'Hae Min', 'Nhà Xuất Bản Thế Giới', 3, 'default'),
(42, 'Điều Kỳ Diệu Của Tiệm Tạp Hóa NAMIYA', 'ab94b8b2e35c49fc38b063fae4e8266a.jpg', 94000, 98, 'Higashino Keigo', 'Nhà Xuất Bản Thế Giới', 3, 'hot'),
(43, 'Đại Dương Đen - Những Câu Chuyện Từ Thế Giới Của Trầm Cảm', 'e8b9a94478dc887c4b84b6b6439f6335.jpg', 180000, 97, 'Đặng Hoàng Giang', 'Nhà Xuất Bản Hội Nhà Văn', 3, 'hot'),
(44, 'Sách - Hình Hài Của Nước( Tiểu thuyết văn học hahy nhất/ Tặng kèm Bookmark siêu xinh)', 'a37b6755a70992408737e9633853c43c.jpg', 148000, 96, 'Germain Lussier, Gizmodo', 'Nhà Xuất Bản Hội Nhà Văn', 1, 'coming'),
(45, 'Những Đêm Không Ngủ, Những Ngày Chậm Trôi', '94bb68f3b55bb93a593fec97c087915f.jpg', 85000, 98, 'A Crazy Mind team', '	Nhà Xuất Bản Văn Học', 3, 'coming'),
(46, 'Red - Cuộc Phiêu Lưu Của Cô Bé Quàng Khăn Đỏ', 'red co be quang khan do.u547.d20160906.t170654.760183.jpg', 30000, 98, 'Liesl Shurtliff', 'Nhà Xuất Bản Văn Học', 3, 'default'),
(47, 'Điểm Đến Của Cuộc Đời', '0ba349a0af272577cd7e6290c1c1b52e.jpg', 57000, 97, 'Đặng Hoàng Giang', 'Nhà Xuất Bản Văn Học', 3, 'default'),
(51, 'Cô Bé Nhìn Mưa', '1bd350d05e09c6532ef6a45fc1adbe09.jpg', 115000, 98, 'Đặng Thị Hạnh', 'Nhà Xuất Bản Phụ Nữ Việt Nam', 3, 'hot'),
(52, 'Hoàng Tử Bé', '26838e18d7f96d562d828980520019d2.jpg', 53000, 100, 'Antoine De Saint-Exupéry', 'Nhà Xuất Bản Hội Nhà Văn', 1, 'default'),
(53, 'Có Ai Ở Đó Không?', '1a007dc8a2c045d8ceb34bcfb304d755.jpg', 67000, 97, 'A Crazy Mind team', 'Nhà Xuất Bản Thanh Niên', 3, 'hot'),
(54, 'Tôi Nói Gì Khi Nói Về Chạy Bộ', 'd2ef5065043a253429e6587f7b1bea57.jpg', 58000, 97, 'Haruki Murakami', 'Nhà Xuất Bản Hội Nhà Văn', 3, 'default'),
(55, 'Ba Nghìn Năm Trước Đóa Sen Nở Trong Đêm Thanh Vắng', 'd0c9711a25cada86e17ee6600c3a5f0e.jpg', 100000, 100, 'Bạch Lạc Mai', 'Nhà Xuất Bản Văn Học', 3, 'default'),
(56, 'Hong Tay Khói Lạnh', '6652ea4aff3a3898d78f34f07a561956.jpg', 54000, 98, 'Nguyễn Ngọc Tư', 'Nhà Xuất Bản Trẻ', 3, 'default'),
(57, 'Hong Tay Khói Lạnh', '6652ea4aff3a3898d78f34f07a561956.jpg', 54000, 98, 'Nguyễn Ngọc Tư', 'Nhà Xuất Bản Trẻ', 3, 'default'),
(58, 'Chuyện Đời Tôi', '75ea597ed7c6854a87540feda6804398.jpg', 287000, 100, 'Hans Christian Andersen', 'Nhà Xuất Bản Thế Giới', 4, 'coming'),
(59, 'Sử Ký Tư Mã Thiên', '570091bbdad24063ccc443b511af1ce5.jpg', 85000, 259, 'Tư Mã Thiên, Lâm Tây Trọng', 'Nhà Xuất Bản Văn Học', 4, 'default'),
(60, 'Bóng Ma Danh Vọng', '2b53fb5117a9ea9b08a770130ff07fe4.jpg', 165000, 96, 'David Freedman', 'Nhà Xuất Bản Thế Giới', 4, 'default'),
(61, 'Sử Ký Tư Mã Thiên Liệt Truyện ', 'f3d9013abce2295dcf636d62b84dee6b.jpg', 141000, 99, 'Tư Mã Thiên', 'Nhà Xuất Bản Văn Học', 1, 'default'),
(62, 'Được Học', '0c6ee844b8db992c69526ae6b1b210ba.jpg', 165000, 96, 'Tara Westover', 'Nhà Xuất Bản Phụ Nữ Việt Nam', 4, 'default'),
(63, 'Joe Biden: Hành Trình Kéo Dài Năm Thập Kỷ', 'f563cf81af0c9978e02b4bc900c01aa6.jpg', 71000, 95, 'Evan Osnos', 'Nhà Xuất Bản Thế Giới', 4, 'hot'),
(64, 'Adolf Hitler - Chân Dung Một Trùm Phát Xít', '69b89c857f18a322eb6b445070684bda.jpg', 390000, 97, 'John Toland', 'Nhà Xuất Bản Khoa học xã hội', 4, 'coming'),
(65, 'Một Lít Nước Mắt', '2d306aa5a1bfb526e78bd0457e3d3ab2.jpg', 56000, 99, 'Kito Aya', 'Nhà Xuất Bản Văn Học', 4, 'hot'),
(66, 'Ngọn Lửa Xanh - Bay Cao - Tập 2', 'a5f589c1047f623d28e5cca52596260e.jpg', 165000, 100, 'Hanyu Yuzuru', 'Nhà Xuất Bản Dân Trí', 4, 'default'),
(67, 'Cuộc Đời Tôi Qua Hai Màu Đỏ - Trắng', 'c7721f1cefe0024e9679be4bb66539ac.jpg', 124000, 98, 'Arsène Wenger', 'Nhà Xuất Bản Trẻ', 4, 'coming'),
(68, 'Miền Đất Hứa - Barack Obama', '2b53fb5117a9ea9b770130ff07fe4.jpg', 529000, 107, 'Barack Obama', 'Nhà Xuất Bản Dân Trí', 4, 'default'),
(69, 'Sử ký Tư Mã Thiên', '2d1bb407956c99e7bfc980c0a41fee46.jpg', 165000, 99, 'Nguyễn Hiến Lê', 'Nhà Xuất Bản Văn Học', 4, 'default'),
(70, 'Trên Hành Trình Tự Học', '67d330a16005bc90251f98536f29519a.jpg', 124000, 99, 'Rosie Nguyễn', '	Nhà Xuất Bản Hội Nhà Văn', 5, 'hot'),
(71, 'Trên Hành Trình Tự Học', '67d330a16005bc90251f98536f29519a.jpg', 124000, 99, 'Rosie Nguyễn', '	Nhà Xuất Bản Hội Nhà Văn', 5, 'hot'),
(72, 'Thiện, Ác Và Smart Phone', 'b32db899a0c2cd01d4e6f5878ce993b4.jpg', 62000, 98, 'Đặng Hoàng Giang', 'Nhà Xuất Bản Hội Nhà Văn', 5, 'default'),
(73, 'Các Ty Độc Quyền Thuốc Phiện Và Muối Ở Đông Dương', '8f26ab87487c5787e521168510749dcd.jpg', 194000, 100, 'Jacques Dumarest', 'Nhà Xuất Bản Khoa Học Xã Hội', 5, 'coming'),
(74, 'Nghề Thầy', '8ab572b214ed6a0fdc7b369e7af17b58.jpg', 54000, 100, 'Hoàng Đạo Thúy', 'Nhà Xuất Bản Hội Nhà Văn', 5, 'default'),
(75, 'KHI ĐẠI DỊCH THẾ KỶ COVID-19 ĐI QUA', '9735e98299502738ff546dc44d088bc5 (1).jpg', 85000, 99, 'Sương Nguyệt Minh', 'Nhà Xuất Bản Văn Học', 5, 'hot'),
(76, 'Chuyện Kể Rằng Có Nàng Và Tôi', 'a84830267c5f30b5c264507b1eaf724b.jpg', 58000, 100, 'Nhiều tác giả', 'Nhà Xuất Bản Phụ Nữ Việt Nam', 6, 'coming'),
(77, 'Bài Thơ Của Một Người Yêu Nước Mình', '2b53fb5117a9e70130ff07fe4.jpg', 120000, 96, 'Trần Vàng Sao', 'Nhà Xuất Bản Hội Nhà Văn', 6, 'hot'),
(78, 'Bài Thơ Của Một Người Yêu Nước Mình', '2b53fb5117a9e70130ff07fe4.jpg', 120000, 96, 'Trần Vàng Sao', 'Nhà Xuất Bản Hội Nhà Văn', 6, 'hot'),
(79, 'Thơ Ngụ Ngôn', '536ac33203a3a0317a175a222c03c55b.png', 64000, 97, 'La Fontaine', 'Nhà Xuất Bản Văn Học', 6, 'coming'),
(80, 'Nhật Ký Trong Tù', '1378f41352ab46607c4f1b2f68276d6b.jpg', 35000, 98, 'Hồ Chí Minh', 'Nhà Xuất Bản Văn Học', 6, 'default'),
(81, 'Thơ Hàn Mặc Tử - Văn Học Trong Nhà Trường', 'a3f440d3386b8b6e060a5a72635d4849.jpg', 37000, 96, 'Hàn Mặc Tử', 'Nhà Xuất Bản Kim Đồng', 6, 'default'),
(82, 'Chị Chị Em Em', 'b76e26767efbe8e1ccfc9e804017867f.jpg', 46000, 97, 'Ngải Minh Nhã', 'Nhà Xuất Bản Thanh Niên', 7, 'default'),
(83, 'Nhật Ký Trưởng Thành Của Đứa Trẻ Ngoan - Việc Của Mình Tự Mình Làm', '250b23b65b54de9cdb9b467bb03914f7.jpg', 34000, 99, 'Trương Cần', 'Nhà Xuất Bản Dân Trí', 7, 'coming'),
(84, 'Nhật Ký Trưởng Thành Của Đứa Trẻ Ngoan - Thực Ra Tôi Rất Giỏi', '6543a086e8b1c8923c22df89920d0496.jpg', 34000, 99, 'Trương Cần', 'Nhà Xuất Bản Dân Trí', 7, 'hot'),
(85, 'Sống Như Những Cái Cây - Những Bài Học Nhỏ Để Có Nguồn Hạnh Phúc Bất Tận', 'af149a812ca5f0c24ff73aa16345e4af.jpg', 55000, 99, 'Liz Marvin, Annie Davidson', 'Nhà Xuất Bản Kim Đồng', 7, 'hot'),
(86, 'Combo Từ Những Hạt Mầm (Trọn Bộ 5 Quyển)', '9e5eec97c2feaef25c3b9c7ad9c9d725.jpg', 52000, 100, 'Nguyễn Trang', 'Nhà Xuất Bản Kim Đồng', 7, 'default'),
(87, 'Những Tù Nhân Của Địa Lí - Khám Phá Sự Vận Hành Của Thế Giới Qua Những Tấm Bản Đồ - Phiên Bản Minh H', 'de1621358fb64d08a8f5c08e2a0e1130.jpg', 177000, 99, ' Tim Marshall, Jessica Smith', 'Nhà Xuất Bản Kim Đồng', 8, 'default'),
(88, 'iêu Nhí Hỏi Nhà Khoa Học Trả Lời - 100 Bí Ẩn Mọi Đứa Trẻ Đều Muốn Hỏi Một Nhà Khoa Học', '0440c2c596fe47add68be6a62ee36433.jpg', 150000, 99, 'Robert Winston', 'Nhà Xuất Bản Dân Trí', 8, 'default'),
(89, 'Bản Đồ', '574854f032ae36fc0d0a57b61f588965.jpg', 258000, 100, 'Aleksandra Mizielińska', 'Nhà Xuất Bản Lao Động', 8, 'default'),
(90, 'Bé Bước đầu Tập viết - Giúp bé tự tin vào lớp 1', '35570f1616b229b9f6b927dbdb4f942b.jpg', 55000, 99, 'Nhiều tác giả', 'Nhà Xuất Bản Hà Nội', 9, 'default'),
(91, 'Giúp bé luyện đọc - Chuẩn bị cho bé tự tin vào lớp 1 ', 'af91d60329cb7d02a0b7f165bc79976b.jpg', 58000, 99, 'Nhiều tác giả', 'Bộ GĐ&ĐT', 9, 'default'),
(92, 'Chuyện Rừng - Thần Lùn', '53d9b8cf396acba5de2e92d7dde5c58b.jpg', 108000, 100, 'Tony Wolf, Peter Holeinone', 'Nhà Xuất Bản Dân Trí', 10, 'default'),
(93, 'Tuổi Thơ Im Lặng', '37561072b7fcfc588fbaf0ad458c342e.jpg', 44000, 98, 'Duy Khán', 'Nhà Xuất Bản Kim Đồng', 10, 'default'),
(94, 'Khởi Nghiệp Bán Lẻ - Bí Quyết Thành Công Và Giàu Có Bằng Những Cửa Hàng Đông Khách - Công Thức Kinh ', '28a77dd053056f3e6f93f2dd840161f8.png', 114000, 99, 'Trần Thanh Phong', 'Nhà Xuất Bản Đà Nẵng', 12, 'default'),
(95, 'Không Đến Một', '76cf7ff0783eafef6708c5eb4c387e67.jpg', 67000, 97, 'Peter Thiel, Blake Masters', 'Nhà Xuất Bản Trẻ', 12, 'default'),
(96, 'Tâm Lý Học Về Tiền', '14a42ae4f66c9b8b298aaef4b9671442.jpg', 113000, 97, ' Morgan Housel', 'Nhà Xuất Bản Dân Trí', 13, 'default'),
(97, 'Nói Chuyện Là Bản Năng, Giữ Miệng Là Tu Dưỡng, Im Lặng Là Trí Tuệ', 'e67dfef8643496ef9abe6e5430b1a630.jpg', 115000, 100, 'Trương Tiếu Hằng', 'Nhà Xuất Bản Thanh Niên', 14, 'default'),
(98, 'Tôi, Tương Lai Và Thế Giới', 'a6fa6973c84ff4f13e2a28c3df6363b5.jpg', 95000, 99, ' Nguyễn Phi Vân', 'Nhà Xuất Bản Văn Học', 15, 'default'),
(99, 'Cấp tốc 789+ môn Văn - Tổng ôn toàn diện kiến thức thi THPT quốc gia', 'e368b4a154fb90d26f88c35f66c6a383.png', 148000, 145, 'Nhiều tác giả', 'Nhà Xuất ĐHQGHN', 17, 'default'),
(100, 'Nguồn Gốc Các Loài', '4-nguon-goc-cac-loai.u5168.d20170710.t135447.262055.jpg', 156000, 259, 'Darwin', 'Nhà Xuất Bản Tri Thức', 18, 'hot'),
(101, 'Pháp chế doanh nghiệp - Những kỹ năng cơ bản ', '1c5c29c6e926ecacdcbc911e9d4502d9 (1).jpg', 290000, 100, 'Nhiều tác giả', 'Nhà Xuất Bản Thanh Niên', 19, 'default'),
(102, 'Pháp chế doanh nghiệp - Những kỹ năng cơ bản ', '1c5c29c6e926ecacdcbc911e9d4502d9 (1).jpg', 290000, 100, 'Nhiều tác giả', 'Nhà Xuất Bản Thanh Niên', 19, 'default'),
(103, 'Pháp chế doanh nghiệp - Những kỹ năng cơ bản ', '1c5c29c6e926ecacdcbc911e9d4502d9 (1).jpg', 290000, 100, 'Nhiều tác giả', 'Nhà Xuất Bản Thanh Niên', 19, 'default'),
(104, 'Pháp chế doanh nghiệp - Những kỹ năng cơ bản ', '1c5c29c6e926ecacdcbc911e9d4502d9 (1).jpg', 290000, 100, 'Nhiều tác giả', 'Nhà Xuất Bản Thanh Niên', 19, 'default'),
(105, 'Pháp chế doanh nghiệp - Những kỹ năng cơ bản ', '1c5c29c6e926ecacdcbc911e9d4502d9 (1).jpg', 290000, 100, 'Nhiều tác giả', 'Nhà Xuất Bản Thanh Niên', 19, 'default'),
(106, 'Lời giải bài tập Python cơ bản', 'f2113a7e987e7a910410370e09187b3c.jpg', 75000, 99, 'Bùi Việt Hà', 'Nhà Xuất Bản Văn Học', 20, 'default'),
(107, 'Kỹ Thuật Chẩn Đoán Lỗi Và Sửa Chữa Ô Tô', 'eaf04e91a6f58ef47d07707b7795098b.jpg', 75000, 99, 'Nhiều tác giả', 'Nhà Xuất Bản Văn Học', 21, 'default'),
(108, 'Việt Nam Sử Lược ', 'viet-nam-su-luoc_ban-dac-biet_bia_16x24_bia-ao_bia-cung-1.u2751.d20170310.t114104.442232.jpg', 148000, 98, 'Trần Trọng Kim', 'Nhà Xuất Kim Đồng', 22, 'default'),
(109, 'Kỹ Thuật Chăn Nuôi Lợn', 'd6ee2ef893f0803899cc10d3cd4b9162.jpg', 66000, 98, 'Nhiều tác giả', 'Nhà Xuất Bản Hà Nội', 23, 'default'),
(110, 'Chữa Lành Cơ Thể Bằng Bấm Huyệt', '6372994e5d857a2358b380ca3b7d5413.jpg', 115000, 96, 'Nhiều tác giả', 'Nhà Xuất Bản Thế Giới', 24, 'default'),
(111, 'Trí Thông Minh Trên Giường', '0e3060bb0a170ced73d9cd0e123bd489.jpg', 147000, 97, 'Esther Perel', '	Nhà Xuất Bản Thanh Niên', 26, 'default'),
(112, 'Trí Thông Minh Trên Giường', '0e3060bb0a170ced73d9cd0e123bd489.jpg', 147000, 97, 'Esther Perel', '	Nhà Xuất Bản Thanh Niên', 26, 'default'),
(113, 'Các Món Ăn Việt Nam Canh - Súp - Lẩu', '3d2c0d6765ec2811562207bb58ef551e.jpg', 29000, 100, 'Vân Anh', 'Nhà Xuất Bản Phụ Nữ Việt Nam', 27, 'default'),
(114, 'Skincare Cho Cô Nàng Bận Rộn', '111cc6802009d1328b4764fe0cebbfd5.jpg', 85000, 96, 'Bing Han', 'Nhà Xuất Bản Lao Động', 28, 'default'),
(115, 'Nấu Ngon Ăn Lành', '4c7d9f0ea84bc28270fd0372074f1ba1.jpg', 128000, 99, 'Hồ Đắc Thiếu Anh', 'Nhà Xuất Bản Phụ Nữ Việt Nam', 29, 'default'),
(116, 'Hoa Sen Trên Tuyết', 'fbbd5814b409160f58ed5e5da62a8586.jpg', 58000, 98, 'Nguyên Phong, Nguyễn Phong', 'Nhà Xuất Bản Tổng hợp TP.HCM', 30, 'default'),
(117, 'Bốn Mùa Chân Bước, Nghìn Dặm Nước Anh', '6bebcd8bfd7c19af4b9e53ff46d9da3d.jpg', 83000, 99, 'Hoài Sa', 'Nhà Xuất Bản Thanh Niên', 30, 'default'),
(118, 'Elbert Einstein - Tuổi thơ gian khó và cuộc đời khoa học vĩ đại', 'f161badd811457d999e22c16fa14a446.jpg', 35000, 99, 'Elbert Einstein', 'Nhà Xuất Bản Thanh Niên', 31, 'default'),
(119, 'Sách hơi thở trong yoga - Khi hơi thở tĩnh lặng, tâm trí trở nên tĩnh lặng', '1f55c743d74b9f970ba62d787aff2826.jpg', 52000, 99, 'Phan Thị Nga', 'Nhà Xuất Bản Dân Trí', 32, 'default'),
(120, 'Cờ Vua Những Bước Đi Đầu Tiên Của Kiện Tướng', '7213c87daf561f7d4924d6527ca267dd.jpg', 94000, 98, 'Elizabeth Dalby', 'Nhà Xuất Bản Phụ Nữ Việt Nam', 33, 'default'),
(121, 'Hoa Học Trò Số 1381', 'hoa-h_c-tr_-s_-1381.jpg', 19000, 100, 'Nhiều tác giả', 'Báo Sinh Viên Việt Nam - Hoa Học Trò', 34, 'hot');

--
-- Indexes for dumped tables
--

--
-- Indexes for table `admin`
--
ALTER TABLE `admin`
  ADD PRIMARY KEY (`adID`);

--
-- Indexes for table `chitietdh`
--
ALTER TABLE `chitietdh`
  ADD KEY `maDH` (`maDH`),
  ADD KEY `maSach` (`maSach`);

--
-- Indexes for table `chitietsp`
--
ALTER TABLE `chitietsp`
  ADD KEY `maSach` (`maSach`);

--
-- Indexes for table `danhmuc`
--
ALTER TABLE `danhmuc`
  ADD PRIMARY KEY (`maDM`);

--
-- Indexes for table `donhang`
--
ALTER TABLE `donhang`
  ADD PRIMARY KEY (`maDH`),
  ADD KEY `maKH` (`maKH`);

--
-- Indexes for table `khachhang`
--
ALTER TABLE `khachhang`
  ADD PRIMARY KEY (`maKH`);

--
-- Indexes for table `loaisach`
--
ALTER TABLE `loaisach`
  ADD PRIMARY KEY (`maLoai`),
  ADD KEY `maDM` (`maDM`);

--
-- Indexes for table `sach`
--
ALTER TABLE `sach`
  ADD PRIMARY KEY (`maSach`),
  ADD KEY `maLoai` (`maLoai`);

--
-- AUTO_INCREMENT for dumped tables
--

--
-- AUTO_INCREMENT for table `admin`
--
ALTER TABLE `admin`
  MODIFY `adID` int(11) NOT NULL AUTO_INCREMENT, AUTO_INCREMENT=3;

--
-- AUTO_INCREMENT for table `danhmuc`
--
ALTER TABLE `danhmuc`
  MODIFY `maDM` int(11) NOT NULL AUTO_INCREMENT, AUTO_INCREMENT=11;

--
-- AUTO_INCREMENT for table `donhang`
--
ALTER TABLE `donhang`
  MODIFY `maDH` int(11) NOT NULL AUTO_INCREMENT, AUTO_INCREMENT=7;

--
-- AUTO_INCREMENT for table `khachhang`
--
ALTER TABLE `khachhang`
  MODIFY `maKH` int(11) NOT NULL AUTO_INCREMENT, AUTO_INCREMENT=3;

--
-- AUTO_INCREMENT for table `loaisach`
--
ALTER TABLE `loaisach`
  MODIFY `maLoai` int(11) NOT NULL AUTO_INCREMENT, AUTO_INCREMENT=35;

--
-- AUTO_INCREMENT for table `sach`
--
ALTER TABLE `sach`
  MODIFY `maSach` int(11) NOT NULL AUTO_INCREMENT, AUTO_INCREMENT=124;

--
-- Constraints for dumped tables
--

--
-- Constraints for table `chitietdh`
--
ALTER TABLE `chitietdh`
  ADD CONSTRAINT `chitietdh_ibfk_1` FOREIGN KEY (`maDH`) REFERENCES `donhang` (`maDH`) ON DELETE CASCADE ON UPDATE CASCADE,
  ADD CONSTRAINT `chitietdh_ibfk_2` FOREIGN KEY (`maSach`) REFERENCES `sach` (`maSach`) ON DELETE SET NULL ON UPDATE CASCADE;

--
-- Constraints for table `chitietsp`
--
ALTER TABLE `chitietsp`
  ADD CONSTRAINT `chitietsp_ibfk_1` FOREIGN KEY (`maSach`) REFERENCES `sach` (`maSach`) ON DELETE CASCADE ON UPDATE CASCADE;

--
-- Constraints for table `donhang`
--
ALTER TABLE `donhang`
  ADD CONSTRAINT `donhang_ibfk_1` FOREIGN KEY (`maKH`) REFERENCES `khachhang` (`maKH`) ON DELETE SET NULL ON UPDATE CASCADE;

--
-- Constraints for table `loaisach`
--
ALTER TABLE `loaisach`
  ADD CONSTRAINT `loaisach_ibfk_1` FOREIGN KEY (`maDM`) REFERENCES `danhmuc` (`maDM`) ON DELETE SET NULL ON UPDATE CASCADE;

--
-- Constraints for table `sach`
--
ALTER TABLE `sach`
  ADD CONSTRAINT `sach_ibfk_2` FOREIGN KEY (`maLoai`) REFERENCES `loaisach` (`maLoai`) ON DELETE SET NULL ON UPDATE CASCADE;
COMMIT;

/*!40101 SET CHARACTER_SET_CLIENT=@OLD_CHARACTER_SET_CLIENT */;
/*!40101 SET CHARACTER_SET_RESULTS=@OLD_CHARACTER_SET_RESULTS */;
/*!40101 SET COLLATION_CONNECTION=@OLD_COLLATION_CONNECTION */;
